{"frames": [

{
	"filename": "armory-highlight",
	"frame": {"x":0,"y":0,"w":61,"h":62},
	"rotated": false,
	"trimmed": false,
	"spriteSourceSize": {"x":0,"y":0,"w":61,"h":62},
	"sourceSize": {"w":61,"h":62},
	"pivot": {"x":0.5,"y":0.5}
},
{
	"filename": "armory",
	"frame": {"x":61,"y":0,"w":61,"h":62},
	"rotated": false,
	"trimmed": false,
	"spriteSourceSize": {"x":0,"y":0,"w":61,"h":62},
	"sourceSize": {"w":61,"h":62},
	"pivot": {"x":0.5,"y":0.5}
},
{
	"filename": "auto-turret-highlight",
	"frame": {"x":122,"y":0,"w":61,"h":62},
	"rotated": false,
	"trimmed": false,
	"spriteSourceSize": {"x":0,"y":0,"w":61,"h":62},
	"sourceSize": {"w":61,"h":62},
	"pivot": {"x":0.5,"y":0.5}
},
{
	"filename": "auto-turret",
	"frame": {"x":183,"y":0,"w":61,"h":62},
	"rotated": false,
	"trimmed": false,
	"spriteSourceSize": {"x":0,"y":0,"w":61,"h":62},
	"sourceSize": {"w":61,"h":62},
	"pivot": {"x":0.5,"y":0.5}
},
{
	"filename": "banshee-highlight",
	"frame": {"x":244,"y":0,"w":61,"h":62},
	"rotated": false,
	"trimmed": false,
	"spriteSourceSize": {"x":0,"y":0,"w":61,"h":62},
	"sourceSize": {"w":61,"h":62},
	"pivot": {"x":0.5,"y":0.5}
},
{
	"filename": "banshee",
	"frame": {"x":305,"y":0,"w":61,"h":62},
	"rotated": false,
	"trimmed": false,
	"spriteSourceSize": {"x":0,"y":0,"w":61,"h":62},
	"sourceSize": {"w":61,"h":62},
	"pivot": {"x":0.5,"y":0.5}
},
{
	"filename": "barracks-highlight",
	"frame": {"x":366,"y":0,"w":61,"h":62},
	"rotated": false,
	"trimmed": false,
	"spriteSourceSize": {"x":0,"y":0,"w":61,"h":62},
	"sourceSize": {"w":61,"h":62},
	"pivot": {"x":0.5,"y":0.5}
},
{
	"filename": "barracks",
	"frame": {"x":427,"y":0,"w":61,"h":62},
	"rotated": false,
	"trimmed": false,
	"spriteSourceSize": {"x":0,"y":0,"w":61,"h":62},
	"sourceSize": {"w":61,"h":62},
	"pivot": {"x":0.5,"y":0.5}
},
{
	"filename": "battlecruiser-highlight",
	"frame": {"x":488,"y":0,"w":61,"h":62},
	"rotated": false,
	"trimmed": false,
	"spriteSourceSize": {"x":0,"y":0,"w":61,"h":62},
	"sourceSize": {"w":61,"h":62},
	"pivot": {"x":0.5,"y":0.5}
},
{
	"filename": "battlecruiser",
	"frame": {"x":549,"y":0,"w":61,"h":62},
	"rotated": false,
	"trimmed": false,
	"spriteSourceSize": {"x":0,"y":0,"w":61,"h":62},
	"sourceSize": {"w":61,"h":62},
	"pivot": {"x":0.5,"y":0.5}
},
{
	"filename": "behemoth-reactor-highlight",
	"frame": {"x":610,"y":0,"w":61,"h":62},
	"rotated": false,
	"trimmed": false,
	"spriteSourceSize": {"x":0,"y":0,"w":61,"h":62},
	"sourceSize": {"w":61,"h":62},
	"pivot": {"x":0.5,"y":0.5}
},
{
	"filename": "behemoth-reactor",
	"frame": {"x":671,"y":0,"w":61,"h":62},
	"rotated": false,
	"trimmed": false,
	"spriteSourceSize": {"x":0,"y":0,"w":61,"h":62},
	"sourceSize": {"w":61,"h":62},
	"pivot": {"x":0.5,"y":0.5}
},
{
	"filename": "building-armor-highlight",
	"frame": {"x":732,"y":0,"w":61,"h":62},
	"rotated": false,
	"trimmed": false,
	"spriteSourceSize": {"x":0,"y":0,"w":61,"h":62},
	"sourceSize": {"w":61,"h":62},
	"pivot": {"x":0.5,"y":0.5}
},
{
	"filename": "building-armor",
	"frame": {"x":793,"y":0,"w":61,"h":62},
	"rotated": false,
	"trimmed": false,
	"spriteSourceSize": {"x":0,"y":0,"w":61,"h":62},
	"sourceSize": {"w":61,"h":62},
	"pivot": {"x":0.5,"y":0.5}
},
{
	"filename": "bunker-highlight",
	"frame": {"x":854,"y":0,"w":61,"h":62},
	"rotated": false,
	"trimmed": false,
	"spriteSourceSize": {"x":0,"y":0,"w":61,"h":62},
	"sourceSize": {"w":61,"h":62},
	"pivot": {"x":0.5,"y":0.5}
},
{
	"filename": "bunker",
	"frame": {"x":915,"y":0,"w":61,"h":62},
	"rotated": false,
	"trimmed": false,
	"spriteSourceSize": {"x":0,"y":0,"w":61,"h":62},
	"sourceSize": {"w":61,"h":62},
	"pivot": {"x":0.5,"y":0.5}
},
{
	"filename": "caduceus-reactor-highlight",
	"frame": {"x":976,"y":0,"w":61,"h":62},
	"rotated": false,
	"trimmed": false,
	"spriteSourceSize": {"x":0,"y":0,"w":61,"h":62},
	"sourceSize": {"w":61,"h":62},
	"pivot": {"x":0.5,"y":0.5}
},
{
	"filename": "caduceus-reactor",
	"frame": {"x":1037,"y":0,"w":61,"h":62},
	"rotated": false,
	"trimmed": false,
	"spriteSourceSize": {"x":0,"y":0,"w":61,"h":62},
	"sourceSize": {"w":61,"h":62},
	"pivot": {"x":0.5,"y":0.5}
},
{
	"filename": "cloaking-field-highlight",
	"frame": {"x":1098,"y":0,"w":61,"h":62},
	"rotated": false,
	"trimmed": false,
	"spriteSourceSize": {"x":0,"y":0,"w":61,"h":62},
	"sourceSize": {"w":61,"h":62},
	"pivot": {"x":0.5,"y":0.5}
},
{
	"filename": "personal-cloaking-highlight",
	"frame": {"x":1098,"y":0,"w":61,"h":62},
	"rotated": false,
	"trimmed": false,
	"spriteSourceSize": {"x":0,"y":0,"w":61,"h":62},
	"sourceSize": {"w":61,"h":62},
	"pivot": {"x":0.5,"y":0.5}
},
{
	"filename": "cloaking-field",
	"frame": {"x":1159,"y":0,"w":61,"h":62},
	"rotated": false,
	"trimmed": false,
	"spriteSourceSize": {"x":0,"y":0,"w":61,"h":62},
	"sourceSize": {"w":61,"h":62},
	"pivot": {"x":0.5,"y":0.5}
},
{
	"filename": "personal-cloaking",
	"frame": {"x":1159,"y":0,"w":61,"h":62},
	"rotated": false,
	"trimmed": false,
	"spriteSourceSize": {"x":0,"y":0,"w":61,"h":62},
	"sourceSize": {"w":61,"h":62},
	"pivot": {"x":0.5,"y":0.5}
},
{
	"filename": "combat-shield-highlight",
	"frame": {"x":1220,"y":0,"w":61,"h":62},
	"rotated": false,
	"trimmed": false,
	"spriteSourceSize": {"x":0,"y":0,"w":61,"h":62},
	"sourceSize": {"w":61,"h":62},
	"pivot": {"x":0.5,"y":0.5}
},
{
	"filename": "combat-shield",
	"frame": {"x":1281,"y":0,"w":61,"h":62},
	"rotated": false,
	"trimmed": false,
	"spriteSourceSize": {"x":0,"y":0,"w":61,"h":62},
	"sourceSize": {"w":61,"h":62},
	"pivot": {"x":0.5,"y":0.5}
},
{
	"filename": "command-center-highlight",
	"frame": {"x":1342,"y":0,"w":61,"h":62},
	"rotated": false,
	"trimmed": false,
	"spriteSourceSize": {"x":0,"y":0,"w":61,"h":62},
	"sourceSize": {"w":61,"h":62},
	"pivot": {"x":0.5,"y":0.5}
},
{
	"filename": "command-center",
	"frame": {"x":1403,"y":0,"w":61,"h":62},
	"rotated": false,
	"trimmed": false,
	"spriteSourceSize": {"x":0,"y":0,"w":61,"h":62},
	"sourceSize": {"w":61,"h":62},
	"pivot": {"x":0.5,"y":0.5}
},
{
	"filename": "concussive-shells-highlight",
	"frame": {"x":1464,"y":0,"w":61,"h":62},
	"rotated": false,
	"trimmed": false,
	"spriteSourceSize": {"x":0,"y":0,"w":61,"h":62},
	"sourceSize": {"w":61,"h":62},
	"pivot": {"x":0.5,"y":0.5}
},
{
	"filename": "concussive-shells",
	"frame": {"x":1525,"y":0,"w":61,"h":62},
	"rotated": false,
	"trimmed": false,
	"spriteSourceSize": {"x":0,"y":0,"w":61,"h":62},
	"sourceSize": {"w":61,"h":62},
	"pivot": {"x":0.5,"y":0.5}
},
{
	"filename": "corvid-reactor-highlight",
	"frame": {"x":1586,"y":0,"w":61,"h":62},
	"rotated": false,
	"trimmed": false,
	"spriteSourceSize": {"x":0,"y":0,"w":61,"h":62},
	"sourceSize": {"w":61,"h":62},
	"pivot": {"x":0.5,"y":0.5}
},
{
	"filename": "corvid-reactor",
	"frame": {"x":1647,"y":0,"w":61,"h":62},
	"rotated": false,
	"trimmed": false,
	"spriteSourceSize": {"x":0,"y":0,"w":61,"h":62},
	"sourceSize": {"w":61,"h":62},
	"pivot": {"x":0.5,"y":0.5}
},
{
	"filename": "cyclone-highlight",
	"frame": {"x":1708,"y":0,"w":61,"h":62},
	"rotated": false,
	"trimmed": false,
	"spriteSourceSize": {"x":0,"y":0,"w":61,"h":62},
	"sourceSize": {"w":61,"h":62},
	"pivot": {"x":0.5,"y":0.5}
},
{
	"filename": "cyclone",
	"frame": {"x":1769,"y":0,"w":61,"h":62},
	"rotated": false,
	"trimmed": false,
	"spriteSourceSize": {"x":0,"y":0,"w":61,"h":62},
	"sourceSize": {"w":61,"h":62},
	"pivot": {"x":0.5,"y":0.5}
},
{
	"filename": "drilling-claws-highlight",
	"frame": {"x":1830,"y":0,"w":61,"h":62},
	"rotated": false,
	"trimmed": false,
	"spriteSourceSize": {"x":0,"y":0,"w":61,"h":62},
	"sourceSize": {"w":61,"h":62},
	"pivot": {"x":0.5,"y":0.5}
},
{
	"filename": "drilling-claws",
	"frame": {"x":0,"y":62,"w":61,"h":62},
	"rotated": false,
	"trimmed": false,
	"spriteSourceSize": {"x":0,"y":0,"w":61,"h":62},
	"sourceSize": {"w":61,"h":62},
	"pivot": {"x":0.5,"y":0.5}
},
{
	"filename": "durable-materials-highlight",
	"frame": {"x":61,"y":62,"w":61,"h":62},
	"rotated": false,
	"trimmed": false,
	"spriteSourceSize": {"x":0,"y":0,"w":61,"h":62},
	"sourceSize": {"w":61,"h":62},
	"pivot": {"x":0.5,"y":0.5}
},
{
	"filename": "durable-materials",
	"frame": {"x":122,"y":62,"w":61,"h":62},
	"rotated": false,
	"trimmed": false,
	"spriteSourceSize": {"x":0,"y":0,"w":61,"h":62},
	"sourceSize": {"w":61,"h":62},
	"pivot": {"x":0.5,"y":0.5}
},
{
	"filename": "engineering-bay-highlight",
	"frame": {"x":183,"y":62,"w":61,"h":62},
	"rotated": false,
	"trimmed": false,
	"spriteSourceSize": {"x":0,"y":0,"w":61,"h":62},
	"sourceSize": {"w":61,"h":62},
	"pivot": {"x":0.5,"y":0.5}
},
{
	"filename": "engineering-bay",
	"frame": {"x":244,"y":62,"w":61,"h":62},
	"rotated": false,
	"trimmed": false,
	"spriteSourceSize": {"x":0,"y":0,"w":61,"h":62},
	"sourceSize": {"w":61,"h":62},
	"pivot": {"x":0.5,"y":0.5}
},
{
	"filename": "factory-highlight",
	"frame": {"x":305,"y":62,"w":61,"h":62},
	"rotated": false,
	"trimmed": false,
	"spriteSourceSize": {"x":0,"y":0,"w":61,"h":62},
	"sourceSize": {"w":61,"h":62},
	"pivot": {"x":0.5,"y":0.5}
},
{
	"filename": "factory",
	"frame": {"x":366,"y":62,"w":61,"h":62},
	"rotated": false,
	"trimmed": false,
	"spriteSourceSize": {"x":0,"y":0,"w":61,"h":62},
	"sourceSize": {"w":61,"h":62},
	"pivot": {"x":0.5,"y":0.5}
},
{
	"filename": "fusion-core-highlight",
	"frame": {"x":427,"y":62,"w":61,"h":62},
	"rotated": false,
	"trimmed": false,
	"spriteSourceSize": {"x":0,"y":0,"w":61,"h":62},
	"sourceSize": {"w":61,"h":62},
	"pivot": {"x":0.5,"y":0.5}
},
{
	"filename": "fusion-core",
	"frame": {"x":488,"y":62,"w":61,"h":62},
	"rotated": false,
	"trimmed": false,
	"spriteSourceSize": {"x":0,"y":0,"w":61,"h":62},
	"sourceSize": {"w":61,"h":62},
	"pivot": {"x":0.5,"y":0.5}
},
{
	"filename": "ghost-academy-highlight",
	"frame": {"x":549,"y":62,"w":61,"h":62},
	"rotated": false,
	"trimmed": false,
	"spriteSourceSize": {"x":0,"y":0,"w":61,"h":62},
	"sourceSize": {"w":61,"h":62},
	"pivot": {"x":0.5,"y":0.5}
},
{
	"filename": "ghost-academy",
	"frame": {"x":610,"y":62,"w":61,"h":62},
	"rotated": false,
	"trimmed": false,
	"spriteSourceSize": {"x":0,"y":0,"w":61,"h":62},
	"sourceSize": {"w":61,"h":62},
	"pivot": {"x":0.5,"y":0.5}
},
{
	"filename": "ghost-highlight",
	"frame": {"x":671,"y":62,"w":61,"h":62},
	"rotated": false,
	"trimmed": false,
	"spriteSourceSize": {"x":0,"y":0,"w":61,"h":62},
	"sourceSize": {"w":61,"h":62},
	"pivot": {"x":0.5,"y":0.5}
},
{
	"filename": "ghost",
	"frame": {"x":732,"y":62,"w":61,"h":62},
	"rotated": false,
	"trimmed": false,
	"spriteSourceSize": {"x":0,"y":0,"w":61,"h":62},
	"sourceSize": {"w":61,"h":62},
	"pivot": {"x":0.5,"y":0.5}
},
{
	"filename": "hellion-highlight",
	"frame": {"x":793,"y":62,"w":61,"h":62},
	"rotated": false,
	"trimmed": false,
	"spriteSourceSize": {"x":0,"y":0,"w":61,"h":62},
	"sourceSize": {"w":61,"h":62},
	"pivot": {"x":0.5,"y":0.5}
},
{
	"filename": "hellion",
	"frame": {"x":854,"y":62,"w":61,"h":62},
	"rotated": false,
	"trimmed": false,
	"spriteSourceSize": {"x":0,"y":0,"w":61,"h":62},
	"sourceSize": {"w":61,"h":62},
	"pivot": {"x":0.5,"y":0.5}
},
{
	"filename": "hisec-auto-tracking-highlight",
	"frame": {"x":915,"y":62,"w":61,"h":62},
	"rotated": false,
	"trimmed": false,
	"spriteSourceSize": {"x":0,"y":0,"w":61,"h":62},
	"sourceSize": {"w":61,"h":62},
	"pivot": {"x":0.5,"y":0.5}
},
{
	"filename": "hisec-auto-tracking",
	"frame": {"x":976,"y":62,"w":61,"h":62},
	"rotated": false,
	"trimmed": false,
	"spriteSourceSize": {"x":0,"y":0,"w":61,"h":62},
	"sourceSize": {"w":61,"h":62},
	"pivot": {"x":0.5,"y":0.5}
},
{
	"filename": "infantry-armor-1-highlight",
	"frame": {"x":1037,"y":62,"w":61,"h":62},
	"rotated": false,
	"trimmed": false,
	"spriteSourceSize": {"x":0,"y":0,"w":61,"h":62},
	"sourceSize": {"w":61,"h":62},
	"pivot": {"x":0.5,"y":0.5}
},
{
	"filename": "infantry-armor-1",
	"frame": {"x":1098,"y":62,"w":61,"h":62},
	"rotated": false,
	"trimmed": false,
	"spriteSourceSize": {"x":0,"y":0,"w":61,"h":62},
	"sourceSize": {"w":61,"h":62},
	"pivot": {"x":0.5,"y":0.5}
},
{
	"filename": "infantry-armor-2-highlight",
	"frame": {"x":1159,"y":62,"w":61,"h":62},
	"rotated": false,
	"trimmed": false,
	"spriteSourceSize": {"x":0,"y":0,"w":61,"h":62},
	"sourceSize": {"w":61,"h":62},
	"pivot": {"x":0.5,"y":0.5}
},
{
	"filename": "infantry-armor-2",
	"frame": {"x":1220,"y":62,"w":61,"h":62},
	"rotated": false,
	"trimmed": false,
	"spriteSourceSize": {"x":0,"y":0,"w":61,"h":62},
	"sourceSize": {"w":61,"h":62},
	"pivot": {"x":0.5,"y":0.5}
},
{
	"filename": "infantry-armor-3-highlight",
	"frame": {"x":1281,"y":62,"w":61,"h":62},
	"rotated": false,
	"trimmed": false,
	"spriteSourceSize": {"x":0,"y":0,"w":61,"h":62},
	"sourceSize": {"w":61,"h":62},
	"pivot": {"x":0.5,"y":0.5}
},
{
	"filename": "infantry-armor-3",
	"frame": {"x":1342,"y":62,"w":62,"h":62},
	"rotated": false,
	"trimmed": false,
	"spriteSourceSize": {"x":0,"y":0,"w":62,"h":62},
	"sourceSize": {"w":62,"h":62},
	"pivot": {"x":0.5,"y":0.5}
},
{
	"filename": "infantry-weapons-1-highlight",
	"frame": {"x":1404,"y":62,"w":61,"h":62},
	"rotated": false,
	"trimmed": false,
	"spriteSourceSize": {"x":0,"y":0,"w":61,"h":62},
	"sourceSize": {"w":61,"h":62},
	"pivot": {"x":0.5,"y":0.5}
},
{
	"filename": "infantry-weapons-1",
	"frame": {"x":1465,"y":62,"w":61,"h":62},
	"rotated": false,
	"trimmed": false,
	"spriteSourceSize": {"x":0,"y":0,"w":61,"h":62},
	"sourceSize": {"w":61,"h":62},
	"pivot": {"x":0.5,"y":0.5}
},
{
	"filename": "infantry-weapons-2-highlight",
	"frame": {"x":1526,"y":62,"w":61,"h":62},
	"rotated": false,
	"trimmed": false,
	"spriteSourceSize": {"x":0,"y":0,"w":61,"h":62},
	"sourceSize": {"w":61,"h":62},
	"pivot": {"x":0.5,"y":0.5}
},
{
	"filename": "infantry-weapons-2",
	"frame": {"x":1587,"y":62,"w":61,"h":62},
	"rotated": false,
	"trimmed": false,
	"spriteSourceSize": {"x":0,"y":0,"w":61,"h":62},
	"sourceSize": {"w":61,"h":62},
	"pivot": {"x":0.5,"y":0.5}
},
{
	"filename": "infantry-weapons-3-highlight",
	"frame": {"x":1648,"y":62,"w":61,"h":62},
	"rotated": false,
	"trimmed": false,
	"spriteSourceSize": {"x":0,"y":0,"w":61,"h":62},
	"sourceSize": {"w":61,"h":62},
	"pivot": {"x":0.5,"y":0.5}
},
{
	"filename": "infantry-weapons-3",
	"frame": {"x":1709,"y":62,"w":61,"h":62},
	"rotated": false,
	"trimmed": false,
	"spriteSourceSize": {"x":0,"y":0,"w":61,"h":62},
	"sourceSize": {"w":61,"h":62},
	"pivot": {"x":0.5,"y":0.5}
},
{
	"filename": "infernal-preigniter-highlight",
	"frame": {"x":1770,"y":62,"w":61,"h":62},
	"rotated": false,
	"trimmed": false,
	"spriteSourceSize": {"x":0,"y":0,"w":61,"h":62},
	"sourceSize": {"w":61,"h":62},
	"pivot": {"x":0.5,"y":0.5}
},
{
	"filename": "infernal-preigniter",
	"frame": {"x":1831,"y":62,"w":61,"h":62},
	"rotated": false,
	"trimmed": false,
	"spriteSourceSize": {"x":0,"y":0,"w":61,"h":62},
	"sourceSize": {"w":61,"h":62},
	"pivot": {"x":0.5,"y":0.5}
},
{
	"filename": "liberator-highlight",
	"frame": {"x":0,"y":124,"w":61,"h":62},
	"rotated": false,
	"trimmed": false,
	"spriteSourceSize": {"x":0,"y":0,"w":61,"h":62},
	"sourceSize": {"w":61,"h":62},
	"pivot": {"x":0.5,"y":0.5}
},
{
	"filename": "liberator",
	"frame": {"x":61,"y":124,"w":61,"h":62},
	"rotated": false,
	"trimmed": false,
	"spriteSourceSize": {"x":0,"y":0,"w":61,"h":62},
	"sourceSize": {"w":61,"h":62},
	"pivot": {"x":0.5,"y":0.5}
},
{
	"filename": "marauder-highlight",
	"frame": {"x":122,"y":124,"w":61,"h":62},
	"rotated": false,
	"trimmed": false,
	"spriteSourceSize": {"x":0,"y":0,"w":61,"h":62},
	"sourceSize": {"w":61,"h":62},
	"pivot": {"x":0.5,"y":0.5}
},
{
	"filename": "marauder",
	"frame": {"x":183,"y":124,"w":61,"h":62},
	"rotated": false,
	"trimmed": false,
	"spriteSourceSize": {"x":0,"y":0,"w":61,"h":62},
	"sourceSize": {"w":61,"h":62},
	"pivot": {"x":0.5,"y":0.5}
},
{
	"filename": "marine-highlight",
	"frame": {"x":244,"y":124,"w":61,"h":62},
	"rotated": false,
	"trimmed": false,
	"spriteSourceSize": {"x":0,"y":0,"w":61,"h":62},
	"sourceSize": {"w":61,"h":62},
	"pivot": {"x":0.5,"y":0.5}
},
{
	"filename": "marine",
	"frame": {"x":305,"y":124,"w":61,"h":62},
	"rotated": false,
	"trimmed": false,
	"spriteSourceSize": {"x":0,"y":0,"w":61,"h":62},
	"sourceSize": {"w":61,"h":62},
	"pivot": {"x":0.5,"y":0.5}
},
{
	"filename": "medivac-highlight",
	"frame": {"x":366,"y":124,"w":61,"h":62},
	"rotated": false,
	"trimmed": false,
	"spriteSourceSize": {"x":0,"y":0,"w":61,"h":62},
	"sourceSize": {"w":61,"h":62},
	"pivot": {"x":0.5,"y":0.5}
},
{
	"filename": "medivac",
	"frame": {"x":427,"y":124,"w":61,"h":62},
	"rotated": false,
	"trimmed": false,
	"spriteSourceSize": {"x":0,"y":0,"w":61,"h":62},
	"sourceSize": {"w":61,"h":62},
	"pivot": {"x":0.5,"y":0.5}
},
{
	"filename": "moebius-reactor-highlight",
	"frame": {"x":488,"y":124,"w":61,"h":62},
	"rotated": false,
	"trimmed": false,
	"spriteSourceSize": {"x":0,"y":0,"w":61,"h":62},
	"sourceSize": {"w":61,"h":62},
	"pivot": {"x":0.5,"y":0.5}
},
{
	"filename": "moebius-reactor",
	"frame": {"x":549,"y":124,"w":61,"h":62},
	"rotated": false,
	"trimmed": false,
	"spriteSourceSize": {"x":0,"y":0,"w":61,"h":62},
	"sourceSize": {"w":61,"h":62},
	"pivot": {"x":0.5,"y":0.5}
},
{
	"filename": "mule-highlight",
	"frame": {"x":610,"y":124,"w":61,"h":62},
	"rotated": false,
	"trimmed": false,
	"spriteSourceSize": {"x":0,"y":0,"w":61,"h":62},
	"sourceSize": {"w":61,"h":62},
	"pivot": {"x":0.5,"y":0.5}
},
{
	"filename": "mule",
	"frame": {"x":671,"y":124,"w":61,"h":62},
	"rotated": false,
	"trimmed": false,
	"spriteSourceSize": {"x":0,"y":0,"w":61,"h":62},
	"sourceSize": {"w":61,"h":62},
	"pivot": {"x":0.5,"y":0.5}
},
{
	"filename": "neosteel-frames-highlight",
	"frame": {"x":732,"y":124,"w":61,"h":62},
	"rotated": false,
	"trimmed": false,
	"spriteSourceSize": {"x":0,"y":0,"w":61,"h":62},
	"sourceSize": {"w":61,"h":62},
	"pivot": {"x":0.5,"y":0.5}
},
{
	"filename": "neosteel-frames",
	"frame": {"x":793,"y":124,"w":61,"h":62},
	"rotated": false,
	"trimmed": false,
	"spriteSourceSize": {"x":0,"y":0,"w":61,"h":62},
	"sourceSize": {"w":61,"h":62},
	"pivot": {"x":0.5,"y":0.5}
},
{
	"filename": "orbital-highlight",
	"frame": {"x":854,"y":124,"w":61,"h":62},
	"rotated": false,
	"trimmed": false,
	"spriteSourceSize": {"x":0,"y":0,"w":61,"h":62},
	"sourceSize": {"w":61,"h":62},
	"pivot": {"x":0.5,"y":0.5}
},
{
	"filename": "orbital",
	"frame": {"x":915,"y":124,"w":61,"h":62},
	"rotated": false,
	"trimmed": false,
	"spriteSourceSize": {"x":0,"y":0,"w":61,"h":62},
	"sourceSize": {"w":61,"h":62},
	"pivot": {"x":0.5,"y":0.5}
},
{
	"filename": "planetary-fortress-highlight",
	"frame": {"x":976,"y":124,"w":61,"h":62},
	"rotated": false,
	"trimmed": false,
	"spriteSourceSize": {"x":0,"y":0,"w":61,"h":62},
	"sourceSize": {"w":61,"h":62},
	"pivot": {"x":0.5,"y":0.5}
},
{
	"filename": "planetary-fortress",
	"frame": {"x":1037,"y":124,"w":61,"h":62},
	"rotated": false,
	"trimmed": false,
	"spriteSourceSize": {"x":0,"y":0,"w":61,"h":62},
	"sourceSize": {"w":61,"h":62},
	"pivot": {"x":0.5,"y":0.5}
},
{
	"filename": "raven-highlight",
	"frame": {"x":1098,"y":124,"w":61,"h":62},
	"rotated": false,
	"trimmed": false,
	"spriteSourceSize": {"x":0,"y":0,"w":61,"h":62},
	"sourceSize": {"w":61,"h":62},
	"pivot": {"x":0.5,"y":0.5}
},
{
	"filename": "raven",
	"frame": {"x":1159,"y":124,"w":61,"h":62},
	"rotated": false,
	"trimmed": false,
	"spriteSourceSize": {"x":0,"y":0,"w":61,"h":62},
	"sourceSize": {"w":61,"h":62},
	"pivot": {"x":0.5,"y":0.5}
},
{
	"filename": "reactor-highlight",
	"frame": {"x":1220,"y":124,"w":61,"h":62},
	"rotated": false,
	"trimmed": false,
	"spriteSourceSize": {"x":0,"y":0,"w":61,"h":62},
	"sourceSize": {"w":61,"h":62},
	"pivot": {"x":0.5,"y":0.5}
},
{
	"filename": "reactor",
	"frame": {"x":1281,"y":124,"w":61,"h":62},
	"rotated": false,
	"trimmed": false,
	"spriteSourceSize": {"x":0,"y":0,"w":61,"h":62},
	"sourceSize": {"w":61,"h":62},
	"pivot": {"x":0.5,"y":0.5}
},
{
	"filename": "reaper-highlight",
	"frame": {"x":1342,"y":124,"w":61,"h":62},
	"rotated": false,
	"trimmed": false,
	"spriteSourceSize": {"x":0,"y":0,"w":61,"h":62},
	"sourceSize": {"w":61,"h":62},
	"pivot": {"x":0.5,"y":0.5}
},
{
	"filename": "reaper",
	"frame": {"x":1403,"y":124,"w":61,"h":62},
	"rotated": false,
	"trimmed": false,
	"spriteSourceSize": {"x":0,"y":0,"w":61,"h":62},
	"sourceSize": {"w":61,"h":62},
	"pivot": {"x":0.5,"y":0.5}
},
{
	"filename": "refinery-highlight",
	"frame": {"x":1464,"y":124,"w":61,"h":62},
	"rotated": false,
	"trimmed": false,
	"spriteSourceSize": {"x":0,"y":0,"w":61,"h":62},
	"sourceSize": {"w":61,"h":62},
	"pivot": {"x":0.5,"y":0.5}
},
{
	"filename": "refinery",
	"frame": {"x":1525,"y":124,"w":61,"h":62},
	"rotated": false,
	"trimmed": false,
	"spriteSourceSize": {"x":0,"y":0,"w":61,"h":62},
	"sourceSize": {"w":61,"h":62},
	"pivot": {"x":0.5,"y":0.5}
},
{
	"filename": "scv-highlight",
	"frame": {"x":1586,"y":124,"w":61,"h":62},
	"rotated": false,
	"trimmed": false,
	"spriteSourceSize": {"x":0,"y":0,"w":61,"h":62},
	"sourceSize": {"w":61,"h":62},
	"pivot": {"x":0.5,"y":0.5}
},
{
	"filename": "scv",
	"frame": {"x":1647,"y":124,"w":61,"h":62},
	"rotated": false,
	"trimmed": false,
	"spriteSourceSize": {"x":0,"y":0,"w":61,"h":62},
	"sourceSize": {"w":61,"h":62},
	"pivot": {"x":0.5,"y":0.5}
},
{
	"filename": "sensor-tower-highlight",
	"frame": {"x":1708,"y":124,"w":61,"h":62},
	"rotated": false,
	"trimmed": false,
	"spriteSourceSize": {"x":0,"y":0,"w":61,"h":62},
	"sourceSize": {"w":61,"h":62},
	"pivot": {"x":0.5,"y":0.5}
},
{
	"filename": "sensor-tower",
	"frame": {"x":1769,"y":124,"w":61,"h":62},
	"rotated": false,
	"trimmed": false,
	"spriteSourceSize": {"x":0,"y":0,"w":61,"h":62},
	"sourceSize": {"w":61,"h":62},
	"pivot": {"x":0.5,"y":0.5}
},
{
	"filename": "siege-tank-highlight",
	"frame": {"x":1830,"y":124,"w":61,"h":62},
	"rotated": false,
	"trimmed": false,
	"spriteSourceSize": {"x":0,"y":0,"w":61,"h":62},
	"sourceSize": {"w":61,"h":62},
	"pivot": {"x":0.5,"y":0.5}
},
{
	"filename": "siege-tank",
	"frame": {"x":0,"y":186,"w":61,"h":62},
	"rotated": false,
	"trimmed": false,
	"spriteSourceSize": {"x":0,"y":0,"w":61,"h":62},
	"sourceSize": {"w":61,"h":62},
	"pivot": {"x":0.5,"y":0.5}
},
{
	"filename": "starport-highlight",
	"frame": {"x":61,"y":186,"w":61,"h":62},
	"rotated": false,
	"trimmed": false,
	"spriteSourceSize": {"x":0,"y":0,"w":61,"h":62},
	"sourceSize": {"w":61,"h":62},
	"pivot": {"x":0.5,"y":0.5}
},
{
	"filename": "starport",
	"frame": {"x":122,"y":186,"w":61,"h":62},
	"rotated": false,
	"trimmed": false,
	"spriteSourceSize": {"x":0,"y":0,"w":61,"h":62},
	"sourceSize": {"w":61,"h":62},
	"pivot": {"x":0.5,"y":0.5}
},
{
	"filename": "stimpack-highlight",
	"frame": {"x":183,"y":186,"w":61,"h":62},
	"rotated": false,
	"trimmed": false,
	"spriteSourceSize": {"x":0,"y":0,"w":61,"h":62},
	"sourceSize": {"w":61,"h":62},
	"pivot": {"x":0.5,"y":0.5}
},
{
	"filename": "stimpack",
	"frame": {"x":244,"y":186,"w":61,"h":62},
	"rotated": false,
	"trimmed": false,
	"spriteSourceSize": {"x":0,"y":0,"w":61,"h":62},
	"sourceSize": {"w":61,"h":62},
	"pivot": {"x":0.5,"y":0.5}
},
{
	"filename": "supply-depot-highlight",
	"frame": {"x":305,"y":186,"w":61,"h":62},
	"rotated": false,
	"trimmed": false,
	"spriteSourceSize": {"x":0,"y":0,"w":61,"h":62},
	"sourceSize": {"w":61,"h":62},
	"pivot": {"x":0.5,"y":0.5}
},
{
	"filename": "supply-depot",
	"frame": {"x":366,"y":186,"w":61,"h":62},
	"rotated": false,
	"trimmed": false,
	"spriteSourceSize": {"x":0,"y":0,"w":61,"h":62},
	"sourceSize": {"w":61,"h":62},
	"pivot": {"x":0.5,"y":0.5}
},
{
	"filename": "tech-lab-highlight",
	"frame": {"x":427,"y":186,"w":61,"h":62},
	"rotated": false,
	"trimmed": false,
	"spriteSourceSize": {"x":0,"y":0,"w":61,"h":62},
	"sourceSize": {"w":61,"h":62},
	"pivot": {"x":0.5,"y":0.5}
},
{
	"filename": "tech-lab",
	"frame": {"x":488,"y":186,"w":61,"h":62},
	"rotated": false,
	"trimmed": false,
	"spriteSourceSize": {"x":0,"y":0,"w":61,"h":62},
	"sourceSize": {"w":61,"h":62},
	"pivot": {"x":0.5,"y":0.5}
},
{
	"filename": "thor-highlight",
	"frame": {"x":549,"y":186,"w":61,"h":62},
	"rotated": false,
	"trimmed": false,
	"spriteSourceSize": {"x":0,"y":0,"w":61,"h":62},
	"sourceSize": {"w":61,"h":62},
	"pivot": {"x":0.5,"y":0.5}
},
{
	"filename": "thor",
	"frame": {"x":610,"y":186,"w":61,"h":62},
	"rotated": false,
	"trimmed": false,
	"spriteSourceSize": {"x":0,"y":0,"w":61,"h":62},
	"sourceSize": {"w":61,"h":62},
	"pivot": {"x":0.5,"y":0.5}
},
{
	"filename": "turret-highlight",
	"frame": {"x":671,"y":186,"w":61,"h":62},
	"rotated": false,
	"trimmed": false,
	"spriteSourceSize": {"x":0,"y":0,"w":61,"h":62},
	"sourceSize": {"w":61,"h":62},
	"pivot": {"x":0.5,"y":0.5}
},
{
	"filename": "turret",
	"frame": {"x":732,"y":186,"w":61,"h":62},
	"rotated": false,
	"trimmed": false,
	"spriteSourceSize": {"x":0,"y":0,"w":61,"h":62},
	"sourceSize": {"w":61,"h":62},
	"pivot": {"x":0.5,"y":0.5}
},
{
	"filename": "vehicle-plating-1-highlight",
	"frame": {"x":793,"y":186,"w":61,"h":62},
	"rotated": false,
	"trimmed": false,
	"spriteSourceSize": {"x":0,"y":0,"w":61,"h":62},
	"sourceSize": {"w":61,"h":62},
	"pivot": {"x":0.5,"y":0.5}
},
{
	"filename": "vehicle-plating-1",
	"frame": {"x":854,"y":186,"w":61,"h":62},
	"rotated": false,
	"trimmed": false,
	"spriteSourceSize": {"x":0,"y":0,"w":61,"h":62},
	"sourceSize": {"w":61,"h":62},
	"pivot": {"x":0.5,"y":0.5}
},
{
	"filename": "vehicle-plating-2-highlight",
	"frame": {"x":915,"y":186,"w":61,"h":62},
	"rotated": false,
	"trimmed": false,
	"spriteSourceSize": {"x":0,"y":0,"w":61,"h":62},
	"sourceSize": {"w":61,"h":62},
	"pivot": {"x":0.5,"y":0.5}
},
{
	"filename": "vehicle-plating-2",
	"frame": {"x":976,"y":186,"w":61,"h":62},
	"rotated": false,
	"trimmed": false,
	"spriteSourceSize": {"x":0,"y":0,"w":61,"h":62},
	"sourceSize": {"w":61,"h":62},
	"pivot": {"x":0.5,"y":0.5}
},
{
	"filename": "vehicle-plating-3-highlight",
	"frame": {"x":1037,"y":186,"w":61,"h":62},
	"rotated": false,
	"trimmed": false,
	"spriteSourceSize": {"x":0,"y":0,"w":61,"h":62},
	"sourceSize": {"w":61,"h":62},
	"pivot": {"x":0.5,"y":0.5}
},
{
	"filename": "vehicle-plating-3",
	"frame": {"x":1098,"y":186,"w":61,"h":62},
	"rotated": false,
	"trimmed": false,
	"spriteSourceSize": {"x":0,"y":0,"w":61,"h":62},
	"sourceSize": {"w":61,"h":62},
	"pivot": {"x":0.5,"y":0.5}
},
{
	"filename": "vehicle-weapons-1-highlight",
	"frame": {"x":1159,"y":186,"w":61,"h":62},
	"rotated": false,
	"trimmed": false,
	"spriteSourceSize": {"x":0,"y":0,"w":61,"h":62},
	"sourceSize": {"w":61,"h":62},
	"pivot": {"x":0.5,"y":0.5}
},
{
	"filename": "vehicle-weapons-1",
	"frame": {"x":1220,"y":186,"w":61,"h":62},
	"rotated": false,
	"trimmed": false,
	"spriteSourceSize": {"x":0,"y":0,"w":61,"h":62},
	"sourceSize": {"w":61,"h":62},
	"pivot": {"x":0.5,"y":0.5}
},
{
	"filename": "vehicle-weapons-2-highlight",
	"frame": {"x":1281,"y":186,"w":61,"h":62},
	"rotated": false,
	"trimmed": false,
	"spriteSourceSize": {"x":0,"y":0,"w":61,"h":62},
	"sourceSize": {"w":61,"h":62},
	"pivot": {"x":0.5,"y":0.5}
},
{
	"filename": "vehicle-weapons-2",
	"frame": {"x":1342,"y":186,"w":61,"h":62},
	"rotated": false,
	"trimmed": false,
	"spriteSourceSize": {"x":0,"y":0,"w":61,"h":62},
	"sourceSize": {"w":61,"h":62},
	"pivot": {"x":0.5,"y":0.5}
},
{
	"filename": "vehicle-weapons-3-highlight",
	"frame": {"x":1403,"y":186,"w":61,"h":62},
	"rotated": false,
	"trimmed": false,
	"spriteSourceSize": {"x":0,"y":0,"w":61,"h":62},
	"sourceSize": {"w":61,"h":62},
	"pivot": {"x":0.5,"y":0.5}
},
{
	"filename": "vehicle-weapons-3",
	"frame": {"x":1464,"y":186,"w":61,"h":62},
	"rotated": false,
	"trimmed": false,
	"spriteSourceSize": {"x":0,"y":0,"w":61,"h":62},
	"sourceSize": {"w":61,"h":62},
	"pivot": {"x":0.5,"y":0.5}
},
{
	"filename": "viking-highlight",
	"frame": {"x":1525,"y":186,"w":61,"h":62},
	"rotated": false,
	"trimmed": false,
	"spriteSourceSize": {"x":0,"y":0,"w":61,"h":62},
	"sourceSize": {"w":61,"h":62},
	"pivot": {"x":0.5,"y":0.5}
},
{
	"filename": "viking",
	"frame": {"x":1586,"y":186,"w":61,"h":62},
	"rotated": false,
	"trimmed": false,
	"spriteSourceSize": {"x":0,"y":0,"w":61,"h":62},
	"sourceSize": {"w":61,"h":62},
	"pivot": {"x":0.5,"y":0.5}
},
{
	"filename": "widow-mine-highlight",
	"frame": {"x":1647,"y":186,"w":61,"h":62},
	"rotated": false,
	"trimmed": false,
	"spriteSourceSize": {"x":0,"y":0,"w":61,"h":62},
	"sourceSize": {"w":61,"h":62},
	"pivot": {"x":0.5,"y":0.5}
},
{
	"filename": "widow-mine",
	"frame": {"x":1708,"y":186,"w":61,"h":62},
	"rotated": false,
	"trimmed": false,
	"spriteSourceSize": {"x":0,"y":0,"w":61,"h":62},
	"sourceSize": {"w":61,"h":62},
	"pivot": {"x":0.5,"y":0.5}
},
{
	"filename": "yamato-cannon-highlight",
	"frame": {"x":1769,"y":186,"w":61,"h":62},
	"rotated": false,
	"trimmed": false,
	"spriteSourceSize": {"x":0,"y":0,"w":61,"h":62},
	"sourceSize": {"w":61,"h":62},
	"pivot": {"x":0.5,"y":0.5}
},
{
	"filename": "yamato-cannon",
	"frame": {"x":1830,"y":186,"w":61,"h":62},
	"rotated": false,
	"trimmed": false,
	"spriteSourceSize": {"x":0,"y":0,"w":61,"h":62},
	"sourceSize": {"w":61,"h":62},
	"pivot": {"x":0.5,"y":0.5}
}],
"meta": {
	"app": "http://www.codeandweb.com/texturepacker",
	"version": "1.0",
	"image": "terran.png",
	"format": "RGBA8888",
	"size": {"w":1892,"h":248},
	"scale": "1",
	"smartupdate": "$TexturePacker:SmartUpdate:51b6a0d0dded0b6a20b95b0d9ec16b7a:935ff4f6427e1e38f26fd14b13ff84d9:11c72fd2503a3f2d9d04d67c2daab8b8$"
}
}
