{"frames": [

{
	"filename": "adrenal-glands-highlight",
	"frame": {"x":0,"y":0,"w":61,"h":62},
	"rotated": false,
	"trimmed": false,
	"spriteSourceSize": {"x":0,"y":0,"w":61,"h":62},
	"sourceSize": {"w":61,"h":62},
	"pivot": {"x":0.5,"y":0.5}
},
{
	"filename": "adrenal-glands",
	"frame": {"x":61,"y":0,"w":61,"h":62},
	"rotated": false,
	"trimmed": false,
	"spriteSourceSize": {"x":0,"y":0,"w":61,"h":62},
	"sourceSize": {"w":61,"h":62},
	"pivot": {"x":0.5,"y":0.5}
},
{
	"filename": "baneling-highlight",
	"frame": {"x":122,"y":0,"w":61,"h":62},
	"rotated": false,
	"trimmed": false,
	"spriteSourceSize": {"x":0,"y":0,"w":61,"h":62},
	"sourceSize": {"w":61,"h":62},
	"pivot": {"x":0.5,"y":0.5}
},
{
	"filename": "baneling-nest-highlight",
	"frame": {"x":183,"y":0,"w":61,"h":62},
	"rotated": false,
	"trimmed": false,
	"spriteSourceSize": {"x":0,"y":0,"w":61,"h":62},
	"sourceSize": {"w":61,"h":62},
	"pivot": {"x":0.5,"y":0.5}
},
{
	"filename": "baneling-nest",
	"frame": {"x":244,"y":0,"w":61,"h":62},
	"rotated": false,
	"trimmed": false,
	"spriteSourceSize": {"x":0,"y":0,"w":61,"h":62},
	"sourceSize": {"w":61,"h":62},
	"pivot": {"x":0.5,"y":0.5}
},
{
	"filename": "baneling",
	"frame": {"x":305,"y":0,"w":61,"h":62},
	"rotated": false,
	"trimmed": false,
	"spriteSourceSize": {"x":0,"y":0,"w":61,"h":62},
	"sourceSize": {"w":61,"h":62},
	"pivot": {"x":0.5,"y":0.5}
},
{
	"filename": "broodling-highlight",
	"frame": {"x":366,"y":0,"w":61,"h":62},
	"rotated": false,
	"trimmed": false,
	"spriteSourceSize": {"x":0,"y":0,"w":61,"h":62},
	"sourceSize": {"w":61,"h":62},
	"pivot": {"x":0.5,"y":0.5}
},
{
	"filename": "broodling",
	"frame": {"x":427,"y":0,"w":61,"h":62},
	"rotated": false,
	"trimmed": false,
	"spriteSourceSize": {"x":0,"y":0,"w":61,"h":62},
	"sourceSize": {"w":61,"h":62},
	"pivot": {"x":0.5,"y":0.5}
},
{
	"filename": "broodlord-highlight",
	"frame": {"x":488,"y":0,"w":61,"h":62},
	"rotated": false,
	"trimmed": false,
	"spriteSourceSize": {"x":0,"y":0,"w":61,"h":62},
	"sourceSize": {"w":61,"h":62},
	"pivot": {"x":0.5,"y":0.5}
},
{
	"filename": "broodlord",
	"frame": {"x":549,"y":0,"w":61,"h":62},
	"rotated": false,
	"trimmed": false,
	"spriteSourceSize": {"x":0,"y":0,"w":61,"h":62},
	"sourceSize": {"w":61,"h":62},
	"pivot": {"x":0.5,"y":0.5}
},
{
	"filename": "burrow-highlight",
	"frame": {"x":610,"y":0,"w":61,"h":62},
	"rotated": false,
	"trimmed": false,
	"spriteSourceSize": {"x":0,"y":0,"w":61,"h":62},
	"sourceSize": {"w":61,"h":62},
	"pivot": {"x":0.5,"y":0.5}
},
{
	"filename": "burrow",
	"frame": {"x":671,"y":0,"w":61,"h":62},
	"rotated": false,
	"trimmed": false,
	"spriteSourceSize": {"x":0,"y":0,"w":61,"h":62},
	"sourceSize": {"w":61,"h":62},
	"pivot": {"x":0.5,"y":0.5}
},
{
	"filename": "centrifugal-hooks-highlight",
	"frame": {"x":732,"y":0,"w":61,"h":62},
	"rotated": false,
	"trimmed": false,
	"spriteSourceSize": {"x":0,"y":0,"w":61,"h":62},
	"sourceSize": {"w":61,"h":62},
	"pivot": {"x":0.5,"y":0.5}
},
{
	"filename": "centrifugal-hooks",
	"frame": {"x":793,"y":0,"w":61,"h":62},
	"rotated": false,
	"trimmed": false,
	"spriteSourceSize": {"x":0,"y":0,"w":61,"h":62},
	"sourceSize": {"w":61,"h":62},
	"pivot": {"x":0.5,"y":0.5}
},
{
	"filename": "changeling-highlight",
	"frame": {"x":854,"y":0,"w":61,"h":62},
	"rotated": false,
	"trimmed": false,
	"spriteSourceSize": {"x":0,"y":0,"w":61,"h":62},
	"sourceSize": {"w":61,"h":62},
	"pivot": {"x":0.5,"y":0.5}
},
{
	"filename": "changeling",
	"frame": {"x":915,"y":0,"w":61,"h":62},
	"rotated": false,
	"trimmed": false,
	"spriteSourceSize": {"x":0,"y":0,"w":61,"h":62},
	"sourceSize": {"w":61,"h":62},
	"pivot": {"x":0.5,"y":0.5}
},
{
	"filename": "chitinous-plating-highlight",
	"frame": {"x":976,"y":0,"w":61,"h":62},
	"rotated": false,
	"trimmed": false,
	"spriteSourceSize": {"x":0,"y":0,"w":61,"h":62},
	"sourceSize": {"w":61,"h":62},
	"pivot": {"x":0.5,"y":0.5}
},
{
	"filename": "chitinous-plating",
	"frame": {"x":1037,"y":0,"w":61,"h":62},
	"rotated": false,
	"trimmed": false,
	"spriteSourceSize": {"x":0,"y":0,"w":61,"h":62},
	"sourceSize": {"w":61,"h":62},
	"pivot": {"x":0.5,"y":0.5}
},
{
	"filename": "corruptor-highlight",
	"frame": {"x":1098,"y":0,"w":61,"h":62},
	"rotated": false,
	"trimmed": false,
	"spriteSourceSize": {"x":0,"y":0,"w":61,"h":62},
	"sourceSize": {"w":61,"h":62},
	"pivot": {"x":0.5,"y":0.5}
},
{
	"filename": "corruptor",
	"frame": {"x":1159,"y":0,"w":61,"h":62},
	"rotated": false,
	"trimmed": false,
	"spriteSourceSize": {"x":0,"y":0,"w":61,"h":62},
	"sourceSize": {"w":61,"h":62},
	"pivot": {"x":0.5,"y":0.5}
},
{
	"filename": "creep-tumor-highlight",
	"frame": {"x":1220,"y":0,"w":61,"h":62},
	"rotated": false,
	"trimmed": false,
	"spriteSourceSize": {"x":0,"y":0,"w":61,"h":62},
	"sourceSize": {"w":61,"h":62},
	"pivot": {"x":0.5,"y":0.5}
},
{
	"filename": "creep-tumor",
	"frame": {"x":1281,"y":0,"w":61,"h":62},
	"rotated": false,
	"trimmed": false,
	"spriteSourceSize": {"x":0,"y":0,"w":61,"h":62},
	"sourceSize": {"w":61,"h":62},
	"pivot": {"x":0.5,"y":0.5}
},
{
	"filename": "drone-highlight",
	"frame": {"x":1342,"y":0,"w":61,"h":62},
	"rotated": false,
	"trimmed": false,
	"spriteSourceSize": {"x":0,"y":0,"w":61,"h":62},
	"sourceSize": {"w":61,"h":62},
	"pivot": {"x":0.5,"y":0.5}
},
{
	"filename": "drone",
	"frame": {"x":1403,"y":0,"w":61,"h":62},
	"rotated": false,
	"trimmed": false,
	"spriteSourceSize": {"x":0,"y":0,"w":61,"h":62},
	"sourceSize": {"w":61,"h":62},
	"pivot": {"x":0.5,"y":0.5}
},
{
	"filename": "evolution-chamber-highlight",
	"frame": {"x":1464,"y":0,"w":61,"h":62},
	"rotated": false,
	"trimmed": false,
	"spriteSourceSize": {"x":0,"y":0,"w":61,"h":62},
	"sourceSize": {"w":61,"h":62},
	"pivot": {"x":0.5,"y":0.5}
},
{
	"filename": "evolution-chamber",
	"frame": {"x":1525,"y":0,"w":61,"h":62},
	"rotated": false,
	"trimmed": false,
	"spriteSourceSize": {"x":0,"y":0,"w":61,"h":62},
	"sourceSize": {"w":61,"h":62},
	"pivot": {"x":0.5,"y":0.5}
},
{
	"filename": "extractor-highlight",
	"frame": {"x":1586,"y":0,"w":61,"h":62},
	"rotated": false,
	"trimmed": false,
	"spriteSourceSize": {"x":0,"y":0,"w":61,"h":62},
	"sourceSize": {"w":61,"h":62},
	"pivot": {"x":0.5,"y":0.5}
},
{
	"filename": "extractor",
	"frame": {"x":1647,"y":0,"w":61,"h":62},
	"rotated": false,
	"trimmed": false,
	"spriteSourceSize": {"x":0,"y":0,"w":61,"h":62},
	"sourceSize": {"w":61,"h":62},
	"pivot": {"x":0.5,"y":0.5}
},
{
	"filename": "flyer-attacks-1-highlight",
	"frame": {"x":0,"y":62,"w":61,"h":62},
	"rotated": false,
	"trimmed": false,
	"spriteSourceSize": {"x":0,"y":0,"w":61,"h":62},
	"sourceSize": {"w":61,"h":62},
	"pivot": {"x":0.5,"y":0.5}
},
{
	"filename": "flyer-attacks-1",
	"frame": {"x":61,"y":62,"w":61,"h":62},
	"rotated": false,
	"trimmed": false,
	"spriteSourceSize": {"x":0,"y":0,"w":61,"h":62},
	"sourceSize": {"w":61,"h":62},
	"pivot": {"x":0.5,"y":0.5}
},
{
	"filename": "flyer-attacks-2-highlight",
	"frame": {"x":122,"y":62,"w":61,"h":62},
	"rotated": false,
	"trimmed": false,
	"spriteSourceSize": {"x":0,"y":0,"w":61,"h":62},
	"sourceSize": {"w":61,"h":62},
	"pivot": {"x":0.5,"y":0.5}
},
{
	"filename": "flyer-attacks-2",
	"frame": {"x":183,"y":62,"w":61,"h":62},
	"rotated": false,
	"trimmed": false,
	"spriteSourceSize": {"x":0,"y":0,"w":61,"h":62},
	"sourceSize": {"w":61,"h":62},
	"pivot": {"x":0.5,"y":0.5}
},
{
	"filename": "flyer-attacks-3-highlight",
	"frame": {"x":244,"y":62,"w":61,"h":62},
	"rotated": false,
	"trimmed": false,
	"spriteSourceSize": {"x":0,"y":0,"w":61,"h":62},
	"sourceSize": {"w":61,"h":62},
	"pivot": {"x":0.5,"y":0.5}
},
{
	"filename": "flyer-attacks-3",
	"frame": {"x":305,"y":62,"w":61,"h":62},
	"rotated": false,
	"trimmed": false,
	"spriteSourceSize": {"x":0,"y":0,"w":61,"h":62},
	"sourceSize": {"w":61,"h":62},
	"pivot": {"x":0.5,"y":0.5}
},
{
	"filename": "flyer-carapace-1-highlight",
	"frame": {"x":366,"y":62,"w":61,"h":62},
	"rotated": false,
	"trimmed": false,
	"spriteSourceSize": {"x":0,"y":0,"w":61,"h":62},
	"sourceSize": {"w":61,"h":62},
	"pivot": {"x":0.5,"y":0.5}
},
{
	"filename": "flyer-carapace-1",
	"frame": {"x":427,"y":62,"w":61,"h":62},
	"rotated": false,
	"trimmed": false,
	"spriteSourceSize": {"x":0,"y":0,"w":61,"h":62},
	"sourceSize": {"w":61,"h":62},
	"pivot": {"x":0.5,"y":0.5}
},
{
	"filename": "flyer-carapace-2-highlight",
	"frame": {"x":488,"y":62,"w":61,"h":62},
	"rotated": false,
	"trimmed": false,
	"spriteSourceSize": {"x":0,"y":0,"w":61,"h":62},
	"sourceSize": {"w":61,"h":62},
	"pivot": {"x":0.5,"y":0.5}
},
{
	"filename": "flyer-carapace-2",
	"frame": {"x":549,"y":62,"w":61,"h":62},
	"rotated": false,
	"trimmed": false,
	"spriteSourceSize": {"x":0,"y":0,"w":61,"h":62},
	"sourceSize": {"w":61,"h":62},
	"pivot": {"x":0.5,"y":0.5}
},
{
	"filename": "flyer-carapace-3-highlight",
	"frame": {"x":610,"y":62,"w":61,"h":62},
	"rotated": false,
	"trimmed": false,
	"spriteSourceSize": {"x":0,"y":0,"w":61,"h":62},
	"sourceSize": {"w":61,"h":62},
	"pivot": {"x":0.5,"y":0.5}
},
{
	"filename": "flyer-carapace-3",
	"frame": {"x":671,"y":62,"w":61,"h":62},
	"rotated": false,
	"trimmed": false,
	"spriteSourceSize": {"x":0,"y":0,"w":61,"h":62},
	"sourceSize": {"w":61,"h":62},
	"pivot": {"x":0.5,"y":0.5}
},
{
	"filename": "flying-locust-highlight",
	"frame": {"x":732,"y":62,"w":61,"h":62},
	"rotated": false,
	"trimmed": false,
	"spriteSourceSize": {"x":0,"y":0,"w":61,"h":62},
	"sourceSize": {"w":61,"h":62},
	"pivot": {"x":0.5,"y":0.5}
},
{
	"filename": "flying-locust",
	"frame": {"x":793,"y":62,"w":61,"h":62},
	"rotated": false,
	"trimmed": false,
	"spriteSourceSize": {"x":0,"y":0,"w":61,"h":62},
	"sourceSize": {"w":61,"h":62},
	"pivot": {"x":0.5,"y":0.5}
},
{
	"filename": "glial-reconstitution-highlight",
	"frame": {"x":854,"y":62,"w":61,"h":62},
	"rotated": false,
	"trimmed": false,
	"spriteSourceSize": {"x":0,"y":0,"w":61,"h":62},
	"sourceSize": {"w":61,"h":62},
	"pivot": {"x":0.5,"y":0.5}
},
{
	"filename": "glial-reconstitution",
	"frame": {"x":915,"y":62,"w":61,"h":62},
	"rotated": false,
	"trimmed": false,
	"spriteSourceSize": {"x":0,"y":0,"w":61,"h":62},
	"sourceSize": {"w":61,"h":62},
	"pivot": {"x":0.5,"y":0.5}
},
{
	"filename": "greater-spire-highlight",
	"frame": {"x":976,"y":62,"w":61,"h":62},
	"rotated": false,
	"trimmed": false,
	"spriteSourceSize": {"x":0,"y":0,"w":61,"h":62},
	"sourceSize": {"w":61,"h":62},
	"pivot": {"x":0.5,"y":0.5}
},
{
	"filename": "greater-spire",
	"frame": {"x":1037,"y":62,"w":61,"h":62},
	"rotated": false,
	"trimmed": false,
	"spriteSourceSize": {"x":0,"y":0,"w":61,"h":62},
	"sourceSize": {"w":61,"h":62},
	"pivot": {"x":0.5,"y":0.5}
},
{
	"filename": "grooved-spines-highlight",
	"frame": {"x":1098,"y":62,"w":61,"h":62},
	"rotated": false,
	"trimmed": false,
	"spriteSourceSize": {"x":0,"y":0,"w":61,"h":62},
	"sourceSize": {"w":61,"h":62},
	"pivot": {"x":0.5,"y":0.5}
},
{
	"filename": "grooved-spines",
	"frame": {"x":1159,"y":62,"w":61,"h":62},
	"rotated": false,
	"trimmed": false,
	"spriteSourceSize": {"x":0,"y":0,"w":61,"h":62},
	"sourceSize": {"w":61,"h":62},
	"pivot": {"x":0.5,"y":0.5}
},
{
	"filename": "ground-carapace-1-highlight",
	"frame": {"x":1220,"y":62,"w":61,"h":62},
	"rotated": false,
	"trimmed": false,
	"spriteSourceSize": {"x":0,"y":0,"w":61,"h":62},
	"sourceSize": {"w":61,"h":62},
	"pivot": {"x":0.5,"y":0.5}
},
{
	"filename": "ground-carapace-1",
	"frame": {"x":1281,"y":62,"w":61,"h":62},
	"rotated": false,
	"trimmed": false,
	"spriteSourceSize": {"x":0,"y":0,"w":61,"h":62},
	"sourceSize": {"w":61,"h":62},
	"pivot": {"x":0.5,"y":0.5}
},
{
	"filename": "ground-carapace-2-highlight",
	"frame": {"x":1342,"y":62,"w":61,"h":62},
	"rotated": false,
	"trimmed": false,
	"spriteSourceSize": {"x":0,"y":0,"w":61,"h":62},
	"sourceSize": {"w":61,"h":62},
	"pivot": {"x":0.5,"y":0.5}
},
{
	"filename": "ground-carapace-2",
	"frame": {"x":1403,"y":62,"w":61,"h":62},
	"rotated": false,
	"trimmed": false,
	"spriteSourceSize": {"x":0,"y":0,"w":61,"h":62},
	"sourceSize": {"w":61,"h":62},
	"pivot": {"x":0.5,"y":0.5}
},
{
	"filename": "ground-carapace-3-highlight",
	"frame": {"x":1464,"y":62,"w":61,"h":62},
	"rotated": false,
	"trimmed": false,
	"spriteSourceSize": {"x":0,"y":0,"w":61,"h":62},
	"sourceSize": {"w":61,"h":62},
	"pivot": {"x":0.5,"y":0.5}
},
{
	"filename": "ground-carapace-3",
	"frame": {"x":1525,"y":62,"w":61,"h":62},
	"rotated": false,
	"trimmed": false,
	"spriteSourceSize": {"x":0,"y":0,"w":61,"h":62},
	"sourceSize": {"w":61,"h":62},
	"pivot": {"x":0.5,"y":0.5}
},
{
	"filename": "hatchery-highlight",
	"frame": {"x":1586,"y":62,"w":61,"h":62},
	"rotated": false,
	"trimmed": false,
	"spriteSourceSize": {"x":0,"y":0,"w":61,"h":62},
	"sourceSize": {"w":61,"h":62},
	"pivot": {"x":0.5,"y":0.5}
},
{
	"filename": "hatchery",
	"frame": {"x":1647,"y":62,"w":61,"h":62},
	"rotated": false,
	"trimmed": false,
	"spriteSourceSize": {"x":0,"y":0,"w":61,"h":62},
	"sourceSize": {"w":61,"h":62},
	"pivot": {"x":0.5,"y":0.5}
},
{
	"filename": "hive-highlight",
	"frame": {"x":0,"y":124,"w":61,"h":62},
	"rotated": false,
	"trimmed": false,
	"spriteSourceSize": {"x":0,"y":0,"w":61,"h":62},
	"sourceSize": {"w":61,"h":62},
	"pivot": {"x":0.5,"y":0.5}
},
{
	"filename": "hive",
	"frame": {"x":61,"y":124,"w":61,"h":62},
	"rotated": false,
	"trimmed": false,
	"spriteSourceSize": {"x":0,"y":0,"w":61,"h":62},
	"sourceSize": {"w":61,"h":62},
	"pivot": {"x":0.5,"y":0.5}
},
{
	"filename": "hydralisk-den-highlight",
	"frame": {"x":122,"y":124,"w":61,"h":62},
	"rotated": false,
	"trimmed": false,
	"spriteSourceSize": {"x":0,"y":0,"w":61,"h":62},
	"sourceSize": {"w":61,"h":62},
	"pivot": {"x":0.5,"y":0.5}
},
{
	"filename": "hydralisk-den",
	"frame": {"x":183,"y":124,"w":61,"h":62},
	"rotated": false,
	"trimmed": false,
	"spriteSourceSize": {"x":0,"y":0,"w":61,"h":62},
	"sourceSize": {"w":61,"h":62},
	"pivot": {"x":0.5,"y":0.5}
},
{
	"filename": "hydralisk-highlight",
	"frame": {"x":244,"y":124,"w":61,"h":62},
	"rotated": false,
	"trimmed": false,
	"spriteSourceSize": {"x":0,"y":0,"w":61,"h":62},
	"sourceSize": {"w":61,"h":62},
	"pivot": {"x":0.5,"y":0.5}
},
{
	"filename": "hydralisk",
	"frame": {"x":305,"y":124,"w":61,"h":62},
	"rotated": false,
	"trimmed": false,
	"spriteSourceSize": {"x":0,"y":0,"w":61,"h":62},
	"sourceSize": {"w":61,"h":62},
	"pivot": {"x":0.5,"y":0.5}
},
{
	"filename": "infestation-pit-highlight",
	"frame": {"x":366,"y":124,"w":61,"h":62},
	"rotated": false,
	"trimmed": false,
	"spriteSourceSize": {"x":0,"y":0,"w":61,"h":62},
	"sourceSize": {"w":61,"h":62},
	"pivot": {"x":0.5,"y":0.5}
},
{
	"filename": "infestation-pit",
	"frame": {"x":427,"y":124,"w":61,"h":62},
	"rotated": false,
	"trimmed": false,
	"spriteSourceSize": {"x":0,"y":0,"w":61,"h":62},
	"sourceSize": {"w":61,"h":62},
	"pivot": {"x":0.5,"y":0.5}
},
{
	"filename": "infested-terran-highlight",
	"frame": {"x":488,"y":124,"w":61,"h":62},
	"rotated": false,
	"trimmed": false,
	"spriteSourceSize": {"x":0,"y":0,"w":61,"h":62},
	"sourceSize": {"w":61,"h":62},
	"pivot": {"x":0.5,"y":0.5}
},
{
	"filename": "infested-terran",
	"frame": {"x":549,"y":124,"w":61,"h":62},
	"rotated": false,
	"trimmed": false,
	"spriteSourceSize": {"x":0,"y":0,"w":61,"h":62},
	"sourceSize": {"w":61,"h":62},
	"pivot": {"x":0.5,"y":0.5}
},
{
	"filename": "infestor-highlight",
	"frame": {"x":610,"y":124,"w":61,"h":62},
	"rotated": false,
	"trimmed": false,
	"spriteSourceSize": {"x":0,"y":0,"w":61,"h":62},
	"sourceSize": {"w":61,"h":62},
	"pivot": {"x":0.5,"y":0.5}
},
{
	"filename": "infestor",
	"frame": {"x":671,"y":124,"w":61,"h":62},
	"rotated": false,
	"trimmed": false,
	"spriteSourceSize": {"x":0,"y":0,"w":61,"h":62},
	"sourceSize": {"w":61,"h":62},
	"pivot": {"x":0.5,"y":0.5}
},
{
	"filename": "lair-highlight",
	"frame": {"x":732,"y":124,"w":61,"h":62},
	"rotated": false,
	"trimmed": false,
	"spriteSourceSize": {"x":0,"y":0,"w":61,"h":62},
	"sourceSize": {"w":61,"h":62},
	"pivot": {"x":0.5,"y":0.5}
},
{
	"filename": "lair",
	"frame": {"x":793,"y":124,"w":61,"h":62},
	"rotated": false,
	"trimmed": false,
	"spriteSourceSize": {"x":0,"y":0,"w":61,"h":62},
	"sourceSize": {"w":61,"h":62},
	"pivot": {"x":0.5,"y":0.5}
},
{
	"filename": "larva-highlight",
	"frame": {"x":854,"y":124,"w":61,"h":62},
	"rotated": false,
	"trimmed": false,
	"spriteSourceSize": {"x":0,"y":0,"w":61,"h":62},
	"sourceSize": {"w":61,"h":62},
	"pivot": {"x":0.5,"y":0.5}
},
{
	"filename": "larva",
	"frame": {"x":915,"y":124,"w":61,"h":62},
	"rotated": false,
	"trimmed": false,
	"spriteSourceSize": {"x":0,"y":0,"w":61,"h":62},
	"sourceSize": {"w":61,"h":62},
	"pivot": {"x":0.5,"y":0.5}
},
{
	"filename": "locust-highlight",
	"frame": {"x":976,"y":124,"w":61,"h":62},
	"rotated": false,
	"trimmed": false,
	"spriteSourceSize": {"x":0,"y":0,"w":61,"h":62},
	"sourceSize": {"w":61,"h":62},
	"pivot": {"x":0.5,"y":0.5}
},
{
	"filename": "locust",
	"frame": {"x":1037,"y":124,"w":61,"h":62},
	"rotated": false,
	"trimmed": false,
	"spriteSourceSize": {"x":0,"y":0,"w":61,"h":62},
	"sourceSize": {"w":61,"h":62},
	"pivot": {"x":0.5,"y":0.5}
},
{
	"filename": "lurker-den-highlight",
	"frame": {"x":1098,"y":124,"w":61,"h":62},
	"rotated": false,
	"trimmed": false,
	"spriteSourceSize": {"x":0,"y":0,"w":61,"h":62},
	"sourceSize": {"w":61,"h":62},
	"pivot": {"x":0.5,"y":0.5}
},
{
	"filename": "lurker-den",
	"frame": {"x":1159,"y":124,"w":61,"h":62},
	"rotated": false,
	"trimmed": false,
	"spriteSourceSize": {"x":0,"y":0,"w":61,"h":62},
	"sourceSize": {"w":61,"h":62},
	"pivot": {"x":0.5,"y":0.5}
},
{
	"filename": "lurker-highlight",
	"frame": {"x":1220,"y":124,"w":61,"h":62},
	"rotated": false,
	"trimmed": false,
	"spriteSourceSize": {"x":0,"y":0,"w":61,"h":62},
	"sourceSize": {"w":61,"h":62},
	"pivot": {"x":0.5,"y":0.5}
},
{
	"filename": "lurker",
	"frame": {"x":1281,"y":124,"w":61,"h":62},
	"rotated": false,
	"trimmed": false,
	"spriteSourceSize": {"x":0,"y":0,"w":61,"h":62},
	"sourceSize": {"w":61,"h":62},
	"pivot": {"x":0.5,"y":0.5}
},
{
	"filename": "melee-attacks-1-highlight",
	"frame": {"x":1342,"y":124,"w":61,"h":62},
	"rotated": false,
	"trimmed": false,
	"spriteSourceSize": {"x":0,"y":0,"w":61,"h":62},
	"sourceSize": {"w":61,"h":62},
	"pivot": {"x":0.5,"y":0.5}
},
{
	"filename": "melee-attacks-1",
	"frame": {"x":1403,"y":124,"w":61,"h":62},
	"rotated": false,
	"trimmed": false,
	"spriteSourceSize": {"x":0,"y":0,"w":61,"h":62},
	"sourceSize": {"w":61,"h":62},
	"pivot": {"x":0.5,"y":0.5}
},
{
	"filename": "melee-attacks-2-highlight",
	"frame": {"x":1464,"y":124,"w":61,"h":62},
	"rotated": false,
	"trimmed": false,
	"spriteSourceSize": {"x":0,"y":0,"w":61,"h":62},
	"sourceSize": {"w":61,"h":62},
	"pivot": {"x":0.5,"y":0.5}
},
{
	"filename": "melee-attacks-2",
	"frame": {"x":1525,"y":124,"w":61,"h":62},
	"rotated": false,
	"trimmed": false,
	"spriteSourceSize": {"x":0,"y":0,"w":61,"h":62},
	"sourceSize": {"w":61,"h":62},
	"pivot": {"x":0.5,"y":0.5}
},
{
	"filename": "melee-attacks-3-highlight",
	"frame": {"x":1586,"y":124,"w":61,"h":62},
	"rotated": false,
	"trimmed": false,
	"spriteSourceSize": {"x":0,"y":0,"w":61,"h":62},
	"sourceSize": {"w":61,"h":62},
	"pivot": {"x":0.5,"y":0.5}
},
{
	"filename": "melee-attacks-3",
	"frame": {"x":1647,"y":124,"w":61,"h":62},
	"rotated": false,
	"trimmed": false,
	"spriteSourceSize": {"x":0,"y":0,"w":61,"h":62},
	"sourceSize": {"w":61,"h":62},
	"pivot": {"x":0.5,"y":0.5}
},
{
	"filename": "metabolic-boost-highlight",
	"frame": {"x":0,"y":186,"w":61,"h":62},
	"rotated": false,
	"trimmed": false,
	"spriteSourceSize": {"x":0,"y":0,"w":61,"h":62},
	"sourceSize": {"w":61,"h":62},
	"pivot": {"x":0.5,"y":0.5}
},
{
	"filename": "metabolic-boost",
	"frame": {"x":61,"y":186,"w":61,"h":62},
	"rotated": false,
	"trimmed": false,
	"spriteSourceSize": {"x":0,"y":0,"w":61,"h":62},
	"sourceSize": {"w":61,"h":62},
	"pivot": {"x":0.5,"y":0.5}
},
{
	"filename": "missile-attacks-1-highlight",
	"frame": {"x":122,"y":186,"w":61,"h":62},
	"rotated": false,
	"trimmed": false,
	"spriteSourceSize": {"x":0,"y":0,"w":61,"h":62},
	"sourceSize": {"w":61,"h":62},
	"pivot": {"x":0.5,"y":0.5}
},
{
	"filename": "missile-attacks-1",
	"frame": {"x":183,"y":186,"w":61,"h":62},
	"rotated": false,
	"trimmed": false,
	"spriteSourceSize": {"x":0,"y":0,"w":61,"h":62},
	"sourceSize": {"w":61,"h":62},
	"pivot": {"x":0.5,"y":0.5}
},
{
	"filename": "missile-attacks-2-highlight",
	"frame": {"x":244,"y":186,"w":61,"h":62},
	"rotated": false,
	"trimmed": false,
	"spriteSourceSize": {"x":0,"y":0,"w":61,"h":62},
	"sourceSize": {"w":61,"h":62},
	"pivot": {"x":0.5,"y":0.5}
},
{
	"filename": "missile-attacks-2",
	"frame": {"x":305,"y":186,"w":61,"h":62},
	"rotated": false,
	"trimmed": false,
	"spriteSourceSize": {"x":0,"y":0,"w":61,"h":62},
	"sourceSize": {"w":61,"h":62},
	"pivot": {"x":0.5,"y":0.5}
},
{
	"filename": "missile-attacks-3-highlight",
	"frame": {"x":366,"y":186,"w":61,"h":62},
	"rotated": false,
	"trimmed": false,
	"spriteSourceSize": {"x":0,"y":0,"w":61,"h":62},
	"sourceSize": {"w":61,"h":62},
	"pivot": {"x":0.5,"y":0.5}
},
{
	"filename": "missile-attacks-3",
	"frame": {"x":427,"y":186,"w":61,"h":62},
	"rotated": false,
	"trimmed": false,
	"spriteSourceSize": {"x":0,"y":0,"w":61,"h":62},
	"sourceSize": {"w":61,"h":62},
	"pivot": {"x":0.5,"y":0.5}
},
{
	"filename": "muscular-augments-highlight",
	"frame": {"x":488,"y":186,"w":61,"h":62},
	"rotated": false,
	"trimmed": false,
	"spriteSourceSize": {"x":0,"y":0,"w":61,"h":62},
	"sourceSize": {"w":61,"h":62},
	"pivot": {"x":0.5,"y":0.5}
},
{
	"filename": "muscular-augments",
	"frame": {"x":549,"y":186,"w":61,"h":62},
	"rotated": false,
	"trimmed": false,
	"spriteSourceSize": {"x":0,"y":0,"w":61,"h":62},
	"sourceSize": {"w":61,"h":62},
	"pivot": {"x":0.5,"y":0.5}
},
{
	"filename": "mutalisk-highlight",
	"frame": {"x":610,"y":186,"w":61,"h":62},
	"rotated": false,
	"trimmed": false,
	"spriteSourceSize": {"x":0,"y":0,"w":61,"h":62},
	"sourceSize": {"w":61,"h":62},
	"pivot": {"x":0.5,"y":0.5}
},
{
	"filename": "mutalisk",
	"frame": {"x":671,"y":186,"w":61,"h":62},
	"rotated": false,
	"trimmed": false,
	"spriteSourceSize": {"x":0,"y":0,"w":61,"h":62},
	"sourceSize": {"w":61,"h":62},
	"pivot": {"x":0.5,"y":0.5}
},
{
	"filename": "neural-parasite-highlight",
	"frame": {"x":732,"y":186,"w":61,"h":62},
	"rotated": false,
	"trimmed": false,
	"spriteSourceSize": {"x":0,"y":0,"w":61,"h":62},
	"sourceSize": {"w":61,"h":62},
	"pivot": {"x":0.5,"y":0.5}
},
{
	"filename": "neural-parasite",
	"frame": {"x":793,"y":186,"w":61,"h":62},
	"rotated": false,
	"trimmed": false,
	"spriteSourceSize": {"x":0,"y":0,"w":61,"h":62},
	"sourceSize": {"w":61,"h":62},
	"pivot": {"x":0.5,"y":0.5}
},
{
	"filename": "nydus-network-19-highlight",
	"frame": {"x":854,"y":186,"w":61,"h":62},
	"rotated": false,
	"trimmed": false,
	"spriteSourceSize": {"x":0,"y":0,"w":61,"h":62},
	"sourceSize": {"w":61,"h":62},
	"pivot": {"x":0.5,"y":0.5}
},
{
	"filename": "nydus-network-19",
	"frame": {"x":915,"y":186,"w":61,"h":62},
	"rotated": false,
	"trimmed": false,
	"spriteSourceSize": {"x":0,"y":0,"w":61,"h":62},
	"sourceSize": {"w":61,"h":62},
	"pivot": {"x":0.5,"y":0.5}
},
{
	"filename": "nydus-network-highlight",
	"frame": {"x":976,"y":186,"w":61,"h":62},
	"rotated": false,
	"trimmed": false,
	"spriteSourceSize": {"x":0,"y":0,"w":61,"h":62},
	"sourceSize": {"w":61,"h":62},
	"pivot": {"x":0.5,"y":0.5}
},
{
	"filename": "nydus-network",
	"frame": {"x":1037,"y":186,"w":61,"h":62},
	"rotated": false,
	"trimmed": false,
	"spriteSourceSize": {"x":0,"y":0,"w":61,"h":62},
	"sourceSize": {"w":61,"h":62},
	"pivot": {"x":0.5,"y":0.5}
},
{
	"filename": "overlord-highlight",
	"frame": {"x":1098,"y":186,"w":61,"h":62},
	"rotated": false,
	"trimmed": false,
	"spriteSourceSize": {"x":0,"y":0,"w":61,"h":62},
	"sourceSize": {"w":61,"h":62},
	"pivot": {"x":0.5,"y":0.5}
},
{
	"filename": "overlord",
	"frame": {"x":1159,"y":186,"w":61,"h":62},
	"rotated": false,
	"trimmed": false,
	"spriteSourceSize": {"x":0,"y":0,"w":61,"h":62},
	"sourceSize": {"w":61,"h":62},
	"pivot": {"x":0.5,"y":0.5}
},
{
	"filename": "overseer-highlight",
	"frame": {"x":1220,"y":186,"w":61,"h":62},
	"rotated": false,
	"trimmed": false,
	"spriteSourceSize": {"x":0,"y":0,"w":61,"h":62},
	"sourceSize": {"w":61,"h":62},
	"pivot": {"x":0.5,"y":0.5}
},
{
	"filename": "overseer",
	"frame": {"x":1281,"y":186,"w":61,"h":62},
	"rotated": false,
	"trimmed": false,
	"spriteSourceSize": {"x":0,"y":0,"w":61,"h":62},
	"sourceSize": {"w":61,"h":62},
	"pivot": {"x":0.5,"y":0.5}
},
{
	"filename": "pathogen-glands",
	"frame": {"x":1342,"y":186,"w":61,"h":62},
	"rotated": false,
	"trimmed": false,
	"spriteSourceSize": {"x":0,"y":0,"w":61,"h":62},
	"sourceSize": {"w":61,"h":62},
	"pivot": {"x":0.5,"y":0.5}
},
{
	"filename": "pneumatized-carapace-highlight",
	"frame": {"x":1403,"y":186,"w":61,"h":62},
	"rotated": false,
	"trimmed": false,
	"spriteSourceSize": {"x":0,"y":0,"w":61,"h":62},
	"sourceSize": {"w":61,"h":62},
	"pivot": {"x":0.5,"y":0.5}
},
{
	"filename": "pneumatized-carapace",
	"frame": {"x":1464,"y":186,"w":61,"h":62},
	"rotated": false,
	"trimmed": false,
	"spriteSourceSize": {"x":0,"y":0,"w":61,"h":62},
	"sourceSize": {"w":61,"h":62},
	"pivot": {"x":0.5,"y":0.5}
},
{
	"filename": "queen-highlight",
	"frame": {"x":1525,"y":186,"w":61,"h":62},
	"rotated": false,
	"trimmed": false,
	"spriteSourceSize": {"x":0,"y":0,"w":61,"h":62},
	"sourceSize": {"w":61,"h":62},
	"pivot": {"x":0.5,"y":0.5}
},
{
	"filename": "queen",
	"frame": {"x":1586,"y":186,"w":61,"h":62},
	"rotated": false,
	"trimmed": false,
	"spriteSourceSize": {"x":0,"y":0,"w":61,"h":62},
	"sourceSize": {"w":61,"h":62},
	"pivot": {"x":0.5,"y":0.5}
},
{
	"filename": "ravager-highlight",
	"frame": {"x":1647,"y":186,"w":61,"h":62},
	"rotated": false,
	"trimmed": false,
	"spriteSourceSize": {"x":0,"y":0,"w":61,"h":62},
	"sourceSize": {"w":61,"h":62},
	"pivot": {"x":0.5,"y":0.5}
},
{
	"filename": "ravager",
	"frame": {"x":0,"y":248,"w":61,"h":62},
	"rotated": false,
	"trimmed": false,
	"spriteSourceSize": {"x":0,"y":0,"w":61,"h":62},
	"sourceSize": {"w":61,"h":62},
	"pivot": {"x":0.5,"y":0.5}
},
{
	"filename": "roach-highlight",
	"frame": {"x":61,"y":248,"w":61,"h":62},
	"rotated": false,
	"trimmed": false,
	"spriteSourceSize": {"x":0,"y":0,"w":61,"h":62},
	"sourceSize": {"w":61,"h":62},
	"pivot": {"x":0.5,"y":0.5}
},
{
	"filename": "roach-warren-highlight",
	"frame": {"x":122,"y":248,"w":61,"h":62},
	"rotated": false,
	"trimmed": false,
	"spriteSourceSize": {"x":0,"y":0,"w":61,"h":62},
	"sourceSize": {"w":61,"h":62},
	"pivot": {"x":0.5,"y":0.5}
},
{
	"filename": "roach-warren",
	"frame": {"x":183,"y":248,"w":61,"h":62},
	"rotated": false,
	"trimmed": false,
	"spriteSourceSize": {"x":0,"y":0,"w":61,"h":62},
	"sourceSize": {"w":61,"h":62},
	"pivot": {"x":0.5,"y":0.5}
},
{
	"filename": "roach",
	"frame": {"x":244,"y":248,"w":61,"h":62},
	"rotated": false,
	"trimmed": false,
	"spriteSourceSize": {"x":0,"y":0,"w":61,"h":62},
	"sourceSize": {"w":61,"h":62},
	"pivot": {"x":0.5,"y":0.5}
},
{
	"filename": "spawning-pool-highlight",
	"frame": {"x":305,"y":248,"w":61,"h":62},
	"rotated": false,
	"trimmed": false,
	"spriteSourceSize": {"x":0,"y":0,"w":61,"h":62},
	"sourceSize": {"w":61,"h":62},
	"pivot": {"x":0.5,"y":0.5}
},
{
	"filename": "spawning-pool",
	"frame": {"x":366,"y":248,"w":61,"h":62},
	"rotated": false,
	"trimmed": false,
	"spriteSourceSize": {"x":0,"y":0,"w":61,"h":62},
	"sourceSize": {"w":61,"h":62},
	"pivot": {"x":0.5,"y":0.5}
},
{
	"filename": "spine-crawler-highlight",
	"frame": {"x":427,"y":248,"w":61,"h":62},
	"rotated": false,
	"trimmed": false,
	"spriteSourceSize": {"x":0,"y":0,"w":61,"h":62},
	"sourceSize": {"w":61,"h":62},
	"pivot": {"x":0.5,"y":0.5}
},
{
	"filename": "spine-crawler",
	"frame": {"x":488,"y":248,"w":61,"h":62},
	"rotated": false,
	"trimmed": false,
	"spriteSourceSize": {"x":0,"y":0,"w":61,"h":62},
	"sourceSize": {"w":61,"h":62},
	"pivot": {"x":0.5,"y":0.5}
},
{
	"filename": "spire-highlight",
	"frame": {"x":549,"y":248,"w":61,"h":62},
	"rotated": false,
	"trimmed": false,
	"spriteSourceSize": {"x":0,"y":0,"w":61,"h":62},
	"sourceSize": {"w":61,"h":62},
	"pivot": {"x":0.5,"y":0.5}
},
{
	"filename": "spire",
	"frame": {"x":610,"y":248,"w":61,"h":62},
	"rotated": false,
	"trimmed": false,
	"spriteSourceSize": {"x":0,"y":0,"w":61,"h":62},
	"sourceSize": {"w":61,"h":62},
	"pivot": {"x":0.5,"y":0.5}
},
{
	"filename": "spore-crawler-highlight",
	"frame": {"x":671,"y":248,"w":61,"h":62},
	"rotated": false,
	"trimmed": false,
	"spriteSourceSize": {"x":0,"y":0,"w":61,"h":62},
	"sourceSize": {"w":61,"h":62},
	"pivot": {"x":0.5,"y":0.5}
},
{
	"filename": "spore-crawler",
	"frame": {"x":732,"y":248,"w":61,"h":62},
	"rotated": false,
	"trimmed": false,
	"spriteSourceSize": {"x":0,"y":0,"w":61,"h":62},
	"sourceSize": {"w":61,"h":62},
	"pivot": {"x":0.5,"y":0.5}
},
{
	"filename": "swarm-host-highlight",
	"frame": {"x":793,"y":248,"w":61,"h":62},
	"rotated": false,
	"trimmed": false,
	"spriteSourceSize": {"x":0,"y":0,"w":61,"h":62},
	"sourceSize": {"w":61,"h":62},
	"pivot": {"x":0.5,"y":0.5}
},
{
	"filename": "swarm-host",
	"frame": {"x":854,"y":248,"w":61,"h":62},
	"rotated": false,
	"trimmed": false,
	"spriteSourceSize": {"x":0,"y":0,"w":61,"h":62},
	"sourceSize": {"w":61,"h":62},
	"pivot": {"x":0.5,"y":0.5}
},
{
	"filename": "tunneling-claws-highlight",
	"frame": {"x":915,"y":248,"w":61,"h":62},
	"rotated": false,
	"trimmed": false,
	"spriteSourceSize": {"x":0,"y":0,"w":61,"h":62},
	"sourceSize": {"w":61,"h":62},
	"pivot": {"x":0.5,"y":0.5}
},
{
	"filename": "tunneling-claws",
	"frame": {"x":976,"y":248,"w":61,"h":62},
	"rotated": false,
	"trimmed": false,
	"spriteSourceSize": {"x":0,"y":0,"w":61,"h":62},
	"sourceSize": {"w":61,"h":62},
	"pivot": {"x":0.5,"y":0.5}
},
{
	"filename": "ultralisk-cavern-highlight",
	"frame": {"x":1037,"y":248,"w":61,"h":62},
	"rotated": false,
	"trimmed": false,
	"spriteSourceSize": {"x":0,"y":0,"w":61,"h":62},
	"sourceSize": {"w":61,"h":62},
	"pivot": {"x":0.5,"y":0.5}
},
{
	"filename": "ultralisk-cavern",
	"frame": {"x":1098,"y":248,"w":61,"h":62},
	"rotated": false,
	"trimmed": false,
	"spriteSourceSize": {"x":0,"y":0,"w":61,"h":62},
	"sourceSize": {"w":61,"h":62},
	"pivot": {"x":0.5,"y":0.5}
},
{
	"filename": "ultralisk-highlight",
	"frame": {"x":1159,"y":248,"w":61,"h":62},
	"rotated": false,
	"trimmed": false,
	"spriteSourceSize": {"x":0,"y":0,"w":61,"h":62},
	"sourceSize": {"w":61,"h":62},
	"pivot": {"x":0.5,"y":0.5}
},
{
	"filename": "ultralisk",
	"frame": {"x":1220,"y":248,"w":61,"h":62},
	"rotated": false,
	"trimmed": false,
	"spriteSourceSize": {"x":0,"y":0,"w":61,"h":62},
	"sourceSize": {"w":61,"h":62},
	"pivot": {"x":0.5,"y":0.5}
},
{
	"filename": "ventral-sacs-highlight",
	"frame": {"x":1281,"y":248,"w":61,"h":62},
	"rotated": false,
	"trimmed": false,
	"spriteSourceSize": {"x":0,"y":0,"w":61,"h":62},
	"sourceSize": {"w":61,"h":62},
	"pivot": {"x":0.5,"y":0.5}
},
{
	"filename": "ventral-sacs",
	"frame": {"x":1342,"y":248,"w":61,"h":62},
	"rotated": false,
	"trimmed": false,
	"spriteSourceSize": {"x":0,"y":0,"w":61,"h":62},
	"sourceSize": {"w":61,"h":62},
	"pivot": {"x":0.5,"y":0.5}
},
{
	"filename": "viper-highlight",
	"frame": {"x":1403,"y":248,"w":61,"h":62},
	"rotated": false,
	"trimmed": false,
	"spriteSourceSize": {"x":0,"y":0,"w":61,"h":62},
	"sourceSize": {"w":61,"h":62},
	"pivot": {"x":0.5,"y":0.5}
},
{
	"filename": "viper",
	"frame": {"x":1464,"y":248,"w":61,"h":62},
	"rotated": false,
	"trimmed": false,
	"spriteSourceSize": {"x":0,"y":0,"w":61,"h":62},
	"sourceSize": {"w":61,"h":62},
	"pivot": {"x":0.5,"y":0.5}
},
{
	"filename": "zergling-highlight",
	"frame": {"x":1525,"y":248,"w":61,"h":62},
	"rotated": false,
	"trimmed": false,
	"spriteSourceSize": {"x":0,"y":0,"w":61,"h":62},
	"sourceSize": {"w":61,"h":62},
	"pivot": {"x":0.5,"y":0.5}
},
{
	"filename": "zergling",
	"frame": {"x":1586,"y":248,"w":61,"h":62},
	"rotated": false,
	"trimmed": false,
	"spriteSourceSize": {"x":0,"y":0,"w":61,"h":62},
	"sourceSize": {"w":61,"h":62},
	"pivot": {"x":0.5,"y":0.5}
}],
"meta": {
	"app": "http://www.codeandweb.com/texturepacker",
	"version": "1.0",
	"image": "zerg.png",
	"format": "RGBA8888",
	"size": {"w":1708,"h":310},
	"scale": "1",
	"smartupdate": "$TexturePacker:SmartUpdate:067f63dd6ada6680f5c9d7a2a0ea4ccd:1b5259872d198434d4c057788ea3e97d:19ce43d036cd5f0de6c22e38ae3c6473$"
}
}
