<?xml version="1.0"?>
<font>
  <info face="AgencyFB" size="35" bold="1" italic="0" charset="" unicode="1" stretchH="100" smooth="1" aa="1" padding="0,0,0,0" spacing="1,1" outline="0"/>
  <common lineHeight="34" base="28" scaleW="256" scaleH="256" pages="1" packed="0" alphaChnl="0" redChnl="4" greenChnl="4" blueChnl="4"/>
  <pages>
    <page id="0" file="agency_35_0.png" />
  </pages>
  <chars count="93">
    <char id="33" x="249" y="24" width="5" height="23" xoffset="1" yoffset="5" xadvance="6" page="0" chnl="15" />
    <char id="34" x="63" y="92" width="10" height="7" xoffset="0" yoffset="5" xadvance="10" page="0" chnl="15" />
    <char id="35" x="123" y="0" width="16" height="23" xoffset="0" yoffset="5" xadvance="16" page="0" chnl="15" />
    <char id="36" x="0" y="0" width="12" height="27" xoffset="1" yoffset="3" xadvance="14" page="0" chnl="15" />
    <char id="37" x="83" y="0" width="19" height="23" xoffset="0" yoffset="5" xadvance="19" page="0" chnl="15" />
    <char id="38" x="203" y="0" width="14" height="23" xoffset="1" yoffset="5" xadvance="15" page="0" chnl="15" />
    <char id="39" x="74" y="91" width="5" height="7" xoffset="0" yoffset="5" xadvance="6" page="0" chnl="15" />
    <char id="40" x="55" y="0" width="9" height="26" xoffset="0" yoffset="5" xadvance="9" page="0" chnl="15" />
    <char id="41" x="65" y="0" width="9" height="26" xoffset="0" yoffset="5" xadvance="9" page="0" chnl="15" />
    <char id="42" x="21" y="97" width="13" height="11" xoffset="0" yoffset="5" xadvance="14" page="0" chnl="15" />
    <char id="43" x="6" y="97" width="14" height="11" xoffset="0" yoffset="12" xadvance="14" page="0" chnl="15" />
    <char id="44" x="80" y="91" width="5" height="6" xoffset="0" yoffset="24" xadvance="6" page="0" chnl="15" />
    <char id="45" x="124" y="88" width="9" height="3" xoffset="0" yoffset="18" xadvance="9" page="0" chnl="15" />
    <char id="46" x="134" y="88" width="5" height="3" xoffset="0" yoffset="25" xadvance="5" page="0" chnl="15" />
    <char id="47" x="15" y="28" width="14" height="23" xoffset="0" yoffset="5" xadvance="13" page="0" chnl="15" />
    <char id="48" x="184" y="24" width="12" height="23" xoffset="1" yoffset="5" xadvance="14" page="0" chnl="15" />
    <char id="49" x="248" y="0" width="6" height="23" xoffset="0" yoffset="5" xadvance="7" page="0" chnl="15" />
    <char id="50" x="116" y="24" width="13" height="23" xoffset="0" yoffset="5" xadvance="13" page="0" chnl="15" />
    <char id="51" x="143" y="48" width="12" height="23" xoffset="1" yoffset="5" xadvance="14" page="0" chnl="15" />
    <char id="52" x="45" y="28" width="14" height="23" xoffset="0" yoffset="5" xadvance="14" page="0" chnl="15" />
    <char id="53" x="91" y="48" width="12" height="23" xoffset="1" yoffset="5" xadvance="14" page="0" chnl="15" />
    <char id="54" x="65" y="51" width="12" height="23" xoffset="1" yoffset="5" xadvance="14" page="0" chnl="15" />
    <char id="55" x="88" y="24" width="13" height="23" xoffset="0" yoffset="5" xadvance="13" page="0" chnl="15" />
    <char id="56" x="52" y="52" width="12" height="23" xoffset="1" yoffset="5" xadvance="14" page="0" chnl="15" />
    <char id="57" x="197" y="24" width="12" height="23" xoffset="1" yoffset="5" xadvance="14" page="0" chnl="15" />
    <char id="58" x="0" y="97" width="5" height="13" xoffset="0" yoffset="15" xadvance="5" page="0" chnl="15" />
    <char id="59" x="223" y="72" width="5" height="15" xoffset="0" yoffset="15" xadvance="5" page="0" chnl="15" />
    <char id="60" x="240" y="69" width="10" height="14" xoffset="0" yoffset="11" xadvance="11" page="0" chnl="15" />
    <char id="61" x="35" y="97" width="14" height="9" xoffset="0" yoffset="14" xadvance="14" page="0" chnl="15" />
    <char id="62" x="229" y="72" width="10" height="14" xoffset="1" yoffset="11" xadvance="11" page="0" chnl="15" />
    <char id="63" x="60" y="27" width="13" height="23" xoffset="0" yoffset="5" xadvance="13" page="0" chnl="15" />
    <char id="64" x="156" y="0" width="15" height="23" xoffset="1" yoffset="5" xadvance="17" page="0" chnl="15" />
    <char id="65" x="0" y="28" width="14" height="23" xoffset="0" yoffset="5" xadvance="14" page="0" chnl="15" />
    <char id="66" x="210" y="24" width="12" height="23" xoffset="1" yoffset="5" xadvance="14" page="0" chnl="15" />
    <char id="67" x="223" y="24" width="12" height="23" xoffset="1" yoffset="5" xadvance="14" page="0" chnl="15" />
    <char id="68" x="74" y="27" width="13" height="23" xoffset="1" yoffset="5" xadvance="14" page="0" chnl="15" />
    <char id="68" x="74" y="27" width="13" height="23" xoffset="1" yoffset="5" xadvance="14" page="0" chnl="15" />
    <char id="69" x="182" y="48" width="11" height="23" xoffset="1" yoffset="5" xadvance="12" page="0" chnl="15" />
    <char id="70" x="194" y="48" width="10" height="23" xoffset="1" yoffset="5" xadvance="11" page="0" chnl="15" />
    <char id="71" x="0" y="52" width="12" height="23" xoffset="1" yoffset="5" xadvance="14" page="0" chnl="15" />
    <char id="72" x="13" y="52" width="12" height="23" xoffset="1" yoffset="5" xadvance="14" page="0" chnl="15" />
    <char id="73" x="232" y="48" width="4" height="23" xoffset="1" yoffset="5" xadvance="6" page="0" chnl="15" />
    <char id="74" x="39" y="52" width="12" height="23" xoffset="0" yoffset="5" xadvance="13" page="0" chnl="15" />
    <char id="75" x="130" y="24" width="13" height="23" xoffset="1" yoffset="5" xadvance="13" page="0" chnl="15" />
    <char id="76" x="205" y="48" width="10" height="23" xoffset="1" yoffset="5" xadvance="11" page="0" chnl="15" />
    <char id="77" x="172" y="0" width="15" height="23" xoffset="1" yoffset="5" xadvance="17" page="0" chnl="15" />
    <char id="78" x="78" y="51" width="12" height="23" xoffset="1" yoffset="5" xadvance="14" page="0" chnl="15" />
    <char id="79" x="171" y="24" width="12" height="23" xoffset="1" yoffset="5" xadvance="14" page="0" chnl="15" />
    <char id="80" x="102" y="24" width="13" height="23" xoffset="1" yoffset="5" xadvance="13" page="0" chnl="15" />
    <char id="81" x="30" y="28" width="14" height="23" xoffset="1" yoffset="5" xadvance="15" page="0" chnl="15" />
    <char id="82" x="144" y="24" width="13" height="23" xoffset="1" yoffset="5" xadvance="14" page="0" chnl="15" />
    <char id="83" x="117" y="48" width="12" height="23" xoffset="1" yoffset="5" xadvance="14" page="0" chnl="15" />
    <char id="84" x="236" y="24" width="12" height="23" xoffset="0" yoffset="5" xadvance="12" page="0" chnl="15" />
    <char id="85" x="26" y="52" width="12" height="23" xoffset="1" yoffset="5" xadvance="14" page="0" chnl="15" />
    <char id="86" x="233" y="0" width="14" height="23" xoffset="0" yoffset="5" xadvance="13" page="0" chnl="15" />
    <char id="87" x="103" y="0" width="19" height="23" xoffset="0" yoffset="5" xadvance="19" page="0" chnl="15" />
    <char id="88" x="218" y="0" width="14" height="23" xoffset="0" yoffset="5" xadvance="13" page="0" chnl="15" />
    <char id="89" x="140" y="0" width="15" height="23" xoffset="-1" yoffset="5" xadvance="13" page="0" chnl="15" />
    <char id="90" x="158" y="24" width="12" height="23" xoffset="0" yoffset="5" xadvance="12" page="0" chnl="15" />
    <char id="91" x="37" y="0" width="8" height="27" xoffset="1" yoffset="5" xadvance="9" page="0" chnl="15" />
    <char id="92" x="188" y="0" width="14" height="23" xoffset="0" yoffset="5" xadvance="13" page="0" chnl="15" />
    <char id="93" x="46" y="0" width="8" height="27" xoffset="0" yoffset="5" xadvance="9" page="0" chnl="15" />
    <char id="94" x="50" y="92" width="12" height="8" xoffset="0" yoffset="5" xadvance="13" page="0" chnl="15" />
    <char id="95" x="109" y="88" width="14" height="3" xoffset="-1" yoffset="31" xadvance="12" page="0" chnl="15" />
    <char id="96" x="100" y="88" width="8" height="4" xoffset="3" yoffset="8" xadvance="12" page="0" chnl="15" />
    <char id="97" x="176" y="72" width="11" height="15" xoffset="0" yoffset="13" xadvance="12" page="0" chnl="15" />
    <char id="98" x="104" y="48" width="12" height="23" xoffset="0" yoffset="5" xadvance="12" page="0" chnl="15" />
    <char id="99" x="98" y="72" width="12" height="15" xoffset="0" yoffset="13" xadvance="12" page="0" chnl="15" />
    <char id="100" x="169" y="48" width="12" height="23" xoffset="0" yoffset="5" xadvance="12" page="0" chnl="15" />
    <char id="101" x="111" y="72" width="12" height="15" xoffset="0" yoffset="13" xadvance="12" page="0" chnl="15" />
    <char id="102" x="216" y="48" width="9" height="23" xoffset="0" yoffset="5" xadvance="8" page="0" chnl="15" />
    <char id="103" x="237" y="48" width="12" height="20" xoffset="0" yoffset="13" xadvance="12" page="0" chnl="15" />
    <char id="104" x="130" y="48" width="12" height="23" xoffset="0" yoffset="5" xadvance="12" page="0" chnl="15" />
    <char id="105" x="250" y="48" width="5" height="20" xoffset="0" yoffset="8" xadvance="5" page="0" chnl="15" />
    <char id="106" x="75" y="0" width="7" height="25" xoffset="-2" yoffset="8" xadvance="5" page="0" chnl="15" />
    <char id="107" x="156" y="48" width="12" height="23" xoffset="0" yoffset="5" xadvance="11" page="0" chnl="15" />
    <char id="108" x="226" y="48" width="5" height="23" xoffset="0" yoffset="5" xadvance="5" page="0" chnl="15" />
    <char id="109" x="48" y="76" width="18" height="15" xoffset="0" yoffset="13" xadvance="18" page="0" chnl="15" />
    <char id="110" x="85" y="75" width="12" height="15" xoffset="0" yoffset="13" xadvance="12" page="0" chnl="15" />
    <char id="111" x="124" y="72" width="12" height="15" xoffset="0" yoffset="13" xadvance="12" page="0" chnl="15" />
    <char id="112" x="0" y="76" width="12" height="20" xoffset="0" yoffset="13" xadvance="12" page="0" chnl="15" />
    <char id="113" x="13" y="76" width="12" height="20" xoffset="0" yoffset="13" xadvance="12" page="0" chnl="15" />
    <char id="114" x="188" y="72" width="11" height="15" xoffset="0" yoffset="13" xadvance="11" page="0" chnl="15" />
    <char id="115" x="200" y="72" width="11" height="15" xoffset="0" yoffset="13" xadvance="11" page="0" chnl="15" />
    <char id="116" x="39" y="76" width="8" height="19" xoffset="0" yoffset="9" xadvance="8" page="0" chnl="15" />
    <char id="117" x="137" y="72" width="12" height="15" xoffset="0" yoffset="13" xadvance="12" page="0" chnl="15" />
    <char id="118" x="150" y="72" width="12" height="15" xoffset="0" yoffset="13" xadvance="12" page="0" chnl="15" />
    <char id="119" x="67" y="75" width="17" height="15" xoffset="0" yoffset="13" xadvance="16" page="0" chnl="15" />
    <char id="120" x="163" y="72" width="12" height="15" xoffset="0" yoffset="13" xadvance="11" page="0" chnl="15" />
    <char id="121" x="26" y="76" width="12" height="20" xoffset="0" yoffset="13" xadvance="12" page="0" chnl="15" />
    <char id="122" x="212" y="72" width="10" height="15" xoffset="0" yoffset="13" xadvance="10" page="0" chnl="15" />
    <char id="123" x="25" y="0" width="11" height="27" xoffset="0" yoffset="5" xadvance="11" page="0" chnl="15" />
    <char id="125" x="13" y="0" width="11" height="27" xoffset="0" yoffset="5" xadvance="11" page="0" chnl="15" />
    <char id="126" x="86" y="91" width="13" height="5" xoffset="1" yoffset="17" xadvance="15" page="0" chnl="15" />
  </chars>
  <kernings count="6">
    <kerning first="106" second="53" amount="-514" />
    <kerning first="106" second="38" amount="332" />
    <kerning first="92" second="51" amount="815" />
    <kerning first="47" second="34" amount="958" />
    <kerning first="47" second="33" amount="538" />
    <kerning first="47" second="45" amount="522" />
  </kernings>
</font>
