{"info":{"face":"AgencyFB","size":"28","bold":"1","italic":"0","charset":"","unicode":"1","stretchH":"100","smooth":"1","aa":"1","padding":"0,0,0,0","spacing":"1,1","outline":"0"},"common":{"lineHeight":"28","base":"23","scaleW":"256","scaleH":"256","pages":"1","packed":"0","alphaChnl":"0","redChnl":"4","greenChnl":"4","blueChnl":"4"},"pages":{"page":{"id":"0","file":"agency_28_0.png"}},"kernings":{"count":"6","kerning":[{"first":"106","second":"53","amount":"-412"},{"first":"106","second":"38","amount":"266"},{"first":"92","second":"51","amount":"652"},{"first":"47","second":"34","amount":"766"},{"first":"47","second":"33","amount":"431"},{"first":"47","second":"45","amount":"418"}]},"char":[{"id":"33","x":"124","y":"38","width":"5","height":"18","xoffset":"0","yoffset":"5","xadvance":"5","page":"0","chnl":"15"},{"id":"34","x":"164","y":"55","width":"8","height":"6","xoffset":"0","yoffset":"5","xadvance":"8","page":"0","chnl":"15"},{"id":"35","x":"119","y":"0","width":"13","height":"18","xoffset":"0","yoffset":"5","xadvance":"13","page":"0","chnl":"15"},{"id":"36","x":"0","y":"0","width":"11","height":"22","xoffset":"0","yoffset":"3","xadvance":"11","page":"0","chnl":"15"},{"id":"37","x":"71","y":"0","width":"16","height":"18","xoffset":"0","yoffset":"5","xadvance":"16","page":"0","chnl":"15"},{"id":"38","x":"174","y":"0","width":"12","height":"18","xoffset":"0","yoffset":"5","xadvance":"12","page":"0","chnl":"15"},{"id":"39","x":"173","y":"55","width":"4","height":"6","xoffset":"0","yoffset":"5","xadvance":"4","page":"0","chnl":"15"},{"id":"40","x":"40","y":"0","width":"7","height":"21","xoffset":"0","yoffset":"5","xadvance":"7","page":"0","chnl":"15"},{"id":"41","x":"48","y":"0","width":"7","height":"21","xoffset":"0","yoffset":"5","xadvance":"7","page":"0","chnl":"15"},{"id":"42","x":"124","y":"57","width":"11","height":"10","xoffset":"0","yoffset":"4","xadvance":"11","page":"0","chnl":"15"},{"id":"43","x":"112","y":"57","width":"11","height":"10","xoffset":"0","yoffset":"10","xadvance":"11","page":"0","chnl":"15"},{"id":"44","x":"178","y":"55","width":"5","height":"5","xoffset":"0","yoffset":"20","xadvance":"4","page":"0","chnl":"15"},{"id":"45","x":"215","y":"51","width":"8","height":"2","xoffset":"0","yoffset":"15","xadvance":"8","page":"0","chnl":"15"},{"id":"46","x":"72","y":"38","width":"4","height":"2","xoffset":"0","yoffset":"21","xadvance":"4","page":"0","chnl":"15"},{"id":"47","x":"12","y":"22","width":"11","height":"18","xoffset":"0","yoffset":"5","xadvance":"11","page":"0","chnl":"15"},{"id":"48","x":"24","y":"22","width":"11","height":"18","xoffset":"0","yoffset":"5","xadvance":"11","page":"0","chnl":"15"},{"id":"49","x":"130","y":"38","width":"5","height":"18","xoffset":"0","yoffset":"5","xadvance":"5","page":"0","chnl":"15"},{"id":"50","x":"228","y":"19","width":"11","height":"18","xoffset":"0","yoffset":"5","xadvance":"11","page":"0","chnl":"15"},{"id":"51","x":"216","y":"19","width":"11","height":"18","xoffset":"0","yoffset":"5","xadvance":"11","page":"0","chnl":"15"},{"id":"52","x":"144","y":"19","width":"11","height":"18","xoffset":"0","yoffset":"5","xadvance":"11","page":"0","chnl":"15"},{"id":"53","x":"108","y":"19","width":"11","height":"18","xoffset":"0","yoffset":"5","xadvance":"11","page":"0","chnl":"15"},{"id":"54","x":"84","y":"19","width":"11","height":"18","xoffset":"0","yoffset":"5","xadvance":"11","page":"0","chnl":"15"},{"id":"55","x":"66","y":"41","width":"10","height":"18","xoffset":"0","yoffset":"5","xadvance":"10","page":"0","chnl":"15"},{"id":"56","x":"48","y":"22","width":"11","height":"18","xoffset":"0","yoffset":"5","xadvance":"11","page":"0","chnl":"15"},{"id":"57","x":"60","y":"22","width":"11","height":"18","xoffset":"0","yoffset":"5","xadvance":"11","page":"0","chnl":"15"},{"id":"58","x":"136","y":"57","width":"4","height":"10","xoffset":"0","yoffset":"13","xadvance":"4","page":"0","chnl":"15"},{"id":"59","x":"251","y":"38","width":"4","height":"12","xoffset":"0","yoffset":"13","xadvance":"4","page":"0","chnl":"15"},{"id":"60","x":"103","y":"57","width":"8","height":"11","xoffset":"0","yoffset":"10","xadvance":"9","page":"0","chnl":"15"},{"id":"61","x":"141","y":"55","width":"11","height":"7","xoffset":"0","yoffset":"12","xadvance":"11","page":"0","chnl":"15"},{"id":"62","x":"93","y":"57","width":"9","height":"11","xoffset":"0","yoffset":"10","xadvance":"9","page":"0","chnl":"15"},{"id":"63","x":"0","y":"42","width":"10","height":"18","xoffset":"0","yoffset":"5","xadvance":"10","page":"0","chnl":"15"},{"id":"64","x":"104","y":"0","width":"14","height":"18","xoffset":"0","yoffset":"5","xadvance":"14","page":"0","chnl":"15"},{"id":"65","x":"120","y":"19","width":"11","height":"18","xoffset":"0","yoffset":"5","xadvance":"11","page":"0","chnl":"15"},{"id":"66","x":"132","y":"19","width":"11","height":"18","xoffset":"0","yoffset":"5","xadvance":"11","page":"0","chnl":"15"},{"id":"67","x":"240","y":"19","width":"11","height":"18","xoffset":"0","yoffset":"5","xadvance":"11","page":"0","chnl":"15"},{"id":"68","x":"156","y":"19","width":"11","height":"18","xoffset":"0","yoffset":"5","xadvance":"11","page":"0","chnl":"15"},{"id":"69","x":"108","y":"38","width":"9","height":"18","xoffset":"0","yoffset":"5","xadvance":"9","page":"0","chnl":"15"},{"id":"70","x":"98","y":"38","width":"9","height":"18","xoffset":"0","yoffset":"5","xadvance":"9","page":"0","chnl":"15"},{"id":"71","x":"168","y":"19","width":"11","height":"18","xoffset":"0","yoffset":"5","xadvance":"11","page":"0","chnl":"15"},{"id":"72","x":"180","y":"19","width":"11","height":"18","xoffset":"0","yoffset":"5","xadvance":"11","page":"0","chnl":"15"},{"id":"73","x":"118","y":"38","width":"5","height":"18","xoffset":"0","yoffset":"5","xadvance":"5","page":"0","chnl":"15"},{"id":"74","x":"22","y":"41","width":"10","height":"18","xoffset":"0","yoffset":"5","xadvance":"10","page":"0","chnl":"15"},{"id":"75","x":"192","y":"19","width":"11","height":"18","xoffset":"0","yoffset":"5","xadvance":"10","page":"0","chnl":"15"},{"id":"76","x":"88","y":"38","width":"9","height":"18","xoffset":"0","yoffset":"5","xadvance":"9","page":"0","chnl":"15"},{"id":"77","x":"133","y":"0","width":"13","height":"18","xoffset":"0","yoffset":"5","xadvance":"13","page":"0","chnl":"15"},{"id":"78","x":"161","y":"0","width":"12","height":"18","xoffset":"0","yoffset":"5","xadvance":"12","page":"0","chnl":"15"},{"id":"79","x":"223","y":"0","width":"11","height":"18","xoffset":"0","yoffset":"5","xadvance":"11","page":"0","chnl":"15"},{"id":"80","x":"96","y":"19","width":"11","height":"18","xoffset":"0","yoffset":"5","xadvance":"11","page":"0","chnl":"15"},{"id":"81","x":"147","y":"0","width":"13","height":"18","xoffset":"0","yoffset":"5","xadvance":"12","page":"0","chnl":"15"},{"id":"82","x":"187","y":"0","width":"11","height":"18","xoffset":"0","yoffset":"5","xadvance":"11","page":"0","chnl":"15"},{"id":"83","x":"235","y":"0","width":"11","height":"18","xoffset":"0","yoffset":"5","xadvance":"11","page":"0","chnl":"15"},{"id":"84","x":"72","y":"19","width":"11","height":"18","xoffset":"-1","yoffset":"5","xadvance":"9","page":"0","chnl":"15"},{"id":"85","x":"36","y":"22","width":"11","height":"18","xoffset":"0","yoffset":"5","xadvance":"11","page":"0","chnl":"15"},{"id":"86","x":"0","y":"23","width":"11","height":"18","xoffset":"0","yoffset":"5","xadvance":"11","page":"0","chnl":"15"},{"id":"87","x":"88","y":"0","width":"15","height":"18","xoffset":"0","yoffset":"5","xadvance":"15","page":"0","chnl":"15"},{"id":"88","x":"211","y":"0","width":"11","height":"18","xoffset":"0","yoffset":"5","xadvance":"11","page":"0","chnl":"15"},{"id":"89","x":"199","y":"0","width":"11","height":"18","xoffset":"0","yoffset":"5","xadvance":"11","page":"0","chnl":"15"},{"id":"90","x":"44","y":"41","width":"10","height":"18","xoffset":"0","yoffset":"5","xadvance":"9","page":"0","chnl":"15"},{"id":"91","x":"32","y":"0","width":"7","height":"21","xoffset":"0","yoffset":"5","xadvance":"7","page":"0","chnl":"15"},{"id":"92","x":"204","y":"19","width":"11","height":"18","xoffset":"0","yoffset":"5","xadvance":"11","page":"0","chnl":"15"},{"id":"93","x":"56","y":"0","width":"7","height":"21","xoffset":"0","yoffset":"5","xadvance":"7","page":"0","chnl":"15"},{"id":"94","x":"153","y":"55","width":"10","height":"6","xoffset":"0","yoffset":"5","xadvance":"10","page":"0","chnl":"15"},{"id":"95","x":"203","y":"51","width":"11","height":"2","xoffset":"-1","yoffset":"26","xadvance":"9","page":"0","chnl":"15"},{"id":"96","x":"195","y":"54","width":"7","height":"3","xoffset":"2","yoffset":"7","xadvance":"10","page":"0","chnl":"15"},{"id":"97","x":"44","y":"60","width":"9","height":"12","xoffset":"0","yoffset":"11","xadvance":"10","page":"0","chnl":"15"},{"id":"98","x":"11","y":"42","width":"10","height":"18","xoffset":"0","yoffset":"5","xadvance":"10","page":"0","chnl":"15"},{"id":"99","x":"240","y":"38","width":"10","height":"12","xoffset":"0","yoffset":"11","xadvance":"10","page":"0","chnl":"15"},{"id":"100","x":"77","y":"38","width":"10","height":"18","xoffset":"0","yoffset":"5","xadvance":"10","page":"0","chnl":"15"},{"id":"101","x":"54","y":"60","width":"9","height":"12","xoffset":"0","yoffset":"11","xadvance":"10","page":"0","chnl":"15"},{"id":"102","x":"247","y":"0","width":"8","height":"18","xoffset":"-1","yoffset":"5","xadvance":"6","page":"0","chnl":"15"},{"id":"103","x":"163","y":"38","width":"10","height":"16","xoffset":"0","yoffset":"11","xadvance":"10","page":"0","chnl":"15"},{"id":"104","x":"33","y":"41","width":"10","height":"18","xoffset":"0","yoffset":"5","xadvance":"10","page":"0","chnl":"15"},{"id":"105","x":"185","y":"38","width":"4","height":"16","xoffset":"0","yoffset":"7","xadvance":"4","page":"0","chnl":"15"},{"id":"106","x":"64","y":"0","width":"6","height":"20","xoffset":"-2","yoffset":"7","xadvance":"4","page":"0","chnl":"15"},{"id":"107","x":"55","y":"41","width":"10","height":"18","xoffset":"0","yoffset":"5","xadvance":"9","page":"0","chnl":"15"},{"id":"108","x":"136","y":"38","width":"4","height":"18","xoffset":"0","yoffset":"5","xadvance":"4","page":"0","chnl":"15"},{"id":"109","x":"198","y":"38","width":"15","height":"12","xoffset":"0","yoffset":"11","xadvance":"15","page":"0","chnl":"15"},{"id":"110","x":"11","y":"61","width":"10","height":"12","xoffset":"0","yoffset":"11","xadvance":"10","page":"0","chnl":"15"},{"id":"111","x":"0","y":"61","width":"10","height":"12","xoffset":"0","yoffset":"11","xadvance":"10","page":"0","chnl":"15"},{"id":"112","x":"152","y":"38","width":"10","height":"16","xoffset":"0","yoffset":"11","xadvance":"10","page":"0","chnl":"15"},{"id":"113","x":"141","y":"38","width":"10","height":"16","xoffset":"0","yoffset":"11","xadvance":"10","page":"0","chnl":"15"},{"id":"114","x":"64","y":"60","width":"9","height":"12","xoffset":"0","yoffset":"11","xadvance":"9","page":"0","chnl":"15"},{"id":"115","x":"74","y":"60","width":"9","height":"12","xoffset":"0","yoffset":"11","xadvance":"9","page":"0","chnl":"15"},{"id":"116","x":"190","y":"38","width":"7","height":"15","xoffset":"0","yoffset":"8","xadvance":"7","page":"0","chnl":"15"},{"id":"117","x":"22","y":"60","width":"10","height":"12","xoffset":"0","yoffset":"11","xadvance":"10","page":"0","chnl":"15"},{"id":"118","x":"33","y":"60","width":"10","height":"12","xoffset":"0","yoffset":"11","xadvance":"9","page":"0","chnl":"15"},{"id":"119","x":"214","y":"38","width":"13","height":"12","xoffset":"0","yoffset":"11","xadvance":"13","page":"0","chnl":"15"},{"id":"120","x":"228","y":"38","width":"11","height":"12","xoffset":"-1","yoffset":"11","xadvance":"9","page":"0","chnl":"15"},{"id":"121","x":"174","y":"38","width":"10","height":"16","xoffset":"0","yoffset":"11","xadvance":"9","page":"0","chnl":"15"},{"id":"122","x":"84","y":"57","width":"8","height":"12","xoffset":"0","yoffset":"11","xadvance":"8","page":"0","chnl":"15"},{"id":"123","x":"22","y":"0","width":"9","height":"21","xoffset":"0","yoffset":"5","xadvance":"9","page":"0","chnl":"15"},{"id":"125","x":"12","y":"0","width":"9","height":"21","xoffset":"0","yoffset":"5","xadvance":"9","page":"0","chnl":"15"},{"id":"126","x":"184","y":"55","width":"10","height":"4","xoffset":"1","yoffset":"14","xadvance":"12","page":"0","chnl":"15"}]}