<?xml version="1.0"?>
<font>
  <info face="AgencyFB" size="15" bold="0" italic="0" charset="" unicode="1" stretchH="100" smooth="1" aa="1" padding="0,0,0,0" spacing="1,1" outline="0"/>
  <common lineHeight="15" base="12" scaleW="32" scaleH="32" pages="1" packed="0" alphaChnl="0" redChnl="4" greenChnl="4" blueChnl="4"/>
  <pages>
    <page id="0" file="agency_15_num_0.png" />
  </pages>
  <chars count="12">
    <char id="47" x="0" y="0" width="7" height="9" xoffset="-1" yoffset="3" xadvance="5" page="0" chnl="15" />
    <char id="48" x="16" y="0" width="6" height="9" xoffset="0" yoffset="3" xadvance="6" page="0" chnl="15" />
    <char id="49" x="28" y="10" width="3" height="9" xoffset="0" yoffset="3" xadvance="3" page="0" chnl="15" />
    <char id="50" x="23" y="0" width="6" height="9" xoffset="-1" yoffset="3" xadvance="5" page="0" chnl="15" />
    <char id="51" x="0" y="10" width="6" height="9" xoffset="0" yoffset="3" xadvance="6" page="0" chnl="15" />
    <char id="52" x="8" y="0" width="7" height="9" xoffset="-1" yoffset="3" xadvance="5" page="0" chnl="15" />
    <char id="53" x="7" y="20" width="5" height="9" xoffset="0" yoffset="3" xadvance="5" page="0" chnl="15" />
    <char id="54" x="7" y="10" width="6" height="9" xoffset="0" yoffset="3" xadvance="6" page="0" chnl="15" />
    <char id="55" x="14" y="10" width="6" height="9" xoffset="0" yoffset="3" xadvance="5" page="0" chnl="15" />
    <char id="56" x="21" y="10" width="6" height="9" xoffset="0" yoffset="3" xadvance="6" page="0" chnl="15" />
    <char id="57" x="0" y="20" width="6" height="9" xoffset="0" yoffset="3" xadvance="6" page="0" chnl="15" />
    <char id="58" x="13" y="20" width="3" height="5" xoffset="0" yoffset="7" xadvance="3" page="0" chnl="15" />
  </chars>
</font>
